Assays,Source,Gene,Tissue,Cell,Type of body mapping,,,,,,,,,,,,,,
ACEA_AR_agonist_80hr,ACEA,AR,prostate,22Rv1,gene target,,,,,,,,,,,,,,
ACEA_AR_agonist_AUC_viability,ACEA,NA,prostate,22Rv1,viability,,,,,,,,,,,,,,
ACEA_AR_antagonist_80hr,ACEA,AR,prostate,22Rv1,gene target,,,,,,,,,,,,,,
ACEA_AR_antagonist_AUC_viability,ACEA,NA,prostate,22Rv1,viability,,,,,,,,,,,,,,
ACEA_ER_80hr,ACEA,ESR1,breast,T47D,gene target,,,,,,,,,,,,,,tissue
ACEA_ER_AUC_viability,ACEA,NA,breast,T47D,viability,,,,,,,,,,,,,,
APR_Cell_count_1_24hr_dn,APR,NA,NA,NA,viability,,,,,,,,,,,,,,
APR_Cell_count_1_24hr_up,APR,NA,NA,NA,none,,,,,,,,,,,,,,
APR_Cell_count_1_72hr_dn,APR,NA,NA,NA,viability,,,,,,,,,,,,,,
APR_Cell_count_1_72hr_up,APR,NA,NA,NA,none,,,,,,,,,,,,,,
APR_Cell_count_2_24hr_dn,APR,NA,NA,NA,viability,,,,,,,,,,,,,,
APR_Cell_count_2_24hr_up,APR,NA,NA,NA,none,,,,,,,,,,,,,,
APR_Cell_count_2_72hr_dn,APR,NA,NA,NA,viability,,,,,,,,,,,,,,
APR_Cell_count_2_72hr_up,APR,NA,NA,NA,none,,,,,,,,,,,,,,
APR_Cell_cycle_arrest_1_24hr_dn,APR,NA,NA,NA,none,,,,,,,,,,,,,,
APR_Cell_cycle_arrest_1_24hr_up,APR,NA,NA,NA,viability,,,,,,,,,,,,,,
APR_Cell_cycle_arrest_1_72hr_dn,APR,NA,NA,NA,none,,,,,,,,,,,,,,
APR_Cell_cycle_arrest_1_72hr_up,APR,NA,NA,NA,viability,,,,,,,,,,,,,,
APR_Cell_cycle_arrest_2_24hr_dn,APR,NA,NA,NA,none,,,,,,,,,,,,,,
APR_Cell_cycle_arrest_2_24hr_up,APR,NA,NA,NA,viability,,,,,,,,,,,,,,
APR_Cell_cycle_arrest_2_72hr_dn,APR,NA,NA,NA,none,,,,,,,,,,,,,,
APR_Cell_cycle_arrest_2_72hr_up,APR,NA,NA,NA,viability,,,,,,,,,,,,,,
APR_Hepat_Apoptosis_1hr_dn,APR,NA,liver,hepatocyte,tissue,,,,,,,,,,,,,,
APR_Hepat_Apoptosis_1hr_up,APR,NA,liver,hepatocyte,tissue,,,,,,,,,,,,,,
APR_Hepat_Apoptosis_24hr_dn,APR,NA,liver,hepatocyte,tissue,,,,,,,,,,,,,,
APR_Hepat_Apoptosis_24hr_up,APR,NA,liver,hepatocyte,tissue,,,,,,,,,,,,,,
APR_Hepat_Apoptosis_48hr_dn,APR,NA,liver,hepatocyte,tissue,,,,,,,,,,,,,,
APR_Hepat_Apoptosis_48hr_up,APR,NA,liver,hepatocyte,tissue,,,,,,,,,,,,,,
APR_Hepat_CellLoss_1hr_dn,APR,NA,liver,hepatocyte,tissue,,,,,,,,,,,,,,
APR_Hepat_CellLoss_1hr_up,APR,NA,liver,hepatocyte,tissue,,,,,,,,,,,,,,
APR_Hepat_CellLoss_24hr_dn,APR,NA,liver,hepatocyte,tissue,,,,,,,,,,,,,,
APR_Hepat_CellLoss_24hr_up,APR,NA,liver,hepatocyte,tissue,,,,,,,,,,,,,,
APR_Hepat_CellLoss_48hr_dn,APR,NA,liver,hepatocyte,tissue,,,,,,,,,,,,,,
APR_Hepat_CellLoss_48hr_up,APR,NA,liver,hepatocyte,tissue,,,,,,,,,,,,,,
APR_Hepat_DNADamage_1hr_dn,APR,NA,liver,hepatocyte,tissue,,,,,,,,,,,,,,
APR_Hepat_DNADamage_1hr_up,APR,NA,liver,hepatocyte,tissue,,,,,,,,,,,,,,
APR_Hepat_DNADamage_24hr_dn,APR,NA,liver,hepatocyte,tissue,,,,,,,,,,,,,,
APR_Hepat_DNADamage_24hr_up,APR,NA,liver,hepatocyte,tissue,,,,,,,,,,,,,,
APR_Hepat_DNADamage_48hr_dn,APR,NA,liver,hepatocyte,tissue,,,,,,,,,,,,,,
APR_Hepat_DNADamage_48hr_up,APR,NA,liver,hepatocyte,tissue,,,,,,,,,,,,,,
APR_Hepat_DNATexture_1hr_dn,APR,NA,liver,hepatocyte,tissue,,,,,,,,,,,,,,
APR_Hepat_DNATexture_1hr_up,APR,NA,liver,hepatocyte,tissue,,,,,,,,,,,,,,
APR_Hepat_DNATexture_24hr_dn,APR,NA,liver,hepatocyte,tissue,,,,,,,,,,,,,,
APR_Hepat_DNATexture_24hr_up,APR,NA,liver,hepatocyte,tissue,,,,,,,,,,,,,,
APR_Hepat_DNATexture_48hr_dn,APR,NA,liver,hepatocyte,tissue,,,,,,,,,,,,,,
APR_Hepat_DNATexture_48hr_up,APR,NA,liver,hepatocyte,tissue,,,,,,,,,,,,,,
APR_Hepat_LysosomalMass_1hr_dn,APR,NA,liver,hepatocyte,tissue,,,,,,,,,,,,,,
APR_Hepat_LysosomalMass_1hr_up,APR,NA,liver,hepatocyte,tissue,,,,,,,,,,,,,,
APR_Hepat_LysosomalMass_24hr_dn,APR,NA,liver,hepatocyte,tissue,,,,,,,,,,,,,,
APR_Hepat_LysosomalMass_24hr_up,APR,NA,liver,hepatocyte,tissue,,,,,,,,,,,,,,
APR_Hepat_LysosomalMass_48hr_dn,APR,NA,liver,hepatocyte,tissue,,,,,,,,,,,,,,
APR_Hepat_LysosomalMass_48hr_up,APR,NA,liver,hepatocyte,tissue,,,,,,,,,,,,,,
APR_Hepat_MitoFxnI_1hr_dn,APR,NA,liver,hepatocyte,tissue,,,,,,,,,,,,,,
APR_Hepat_MitoFxnI_1hr_up,APR,NA,liver,hepatocyte,tissue,,,,,,,,,,,,,,
APR_Hepat_MitoFxnI_24hr_dn,APR,NA,liver,hepatocyte,tissue,,,,,,,,,,,,,,
APR_Hepat_MitoFxnI_24hr_up,APR,NA,liver,hepatocyte,tissue,,,,,,,,,,,,,,
APR_Hepat_MitoFxnI_48hr_dn,APR,NA,liver,hepatocyte,tissue,,,,,,,,,,,,,,
APR_Hepat_MitoFxnI_48hr_up,APR,NA,liver,hepatocyte,tissue,,,,,,,,,,,,,,
APR_Hepat_NuclearSize_1hr_dn,APR,NA,liver,hepatocyte,tissue,,,,,,,,,,,,,,
APR_Hepat_NuclearSize_1hr_up,APR,NA,liver,hepatocyte,tissue,,,,,,,,,,,,,,
APR_Hepat_NuclearSize_24hr_dn,APR,NA,liver,hepatocyte,tissue,,,,,,,,,,,,,,
APR_Hepat_NuclearSize_24hr_up,APR,NA,liver,hepatocyte,tissue,,,,,,,,,,,,,,
APR_Hepat_NuclearSize_48hr_dn,APR,NA,liver,hepatocyte,tissue,,,,,,,,,,,,,,
APR_Hepat_NuclearSize_48hr_up,APR,NA,liver,hepatocyte,tissue,,,,,,,,,,,,,,
APR_Hepat_Steatosis_1hr_dn,APR,NA,liver,hepatocyte,tissue,,,,,,,,,,,,,,
APR_Hepat_Steatosis_1hr_up,APR,NA,liver,hepatocyte,tissue,,,,,,,,,,,,,,
APR_Hepat_Steatosis_24hr_dn,APR,NA,liver,hepatocyte,tissue,,,,,,,,,,,,,,
APR_Hepat_Steatosis_24hr_up,APR,NA,liver,hepatocyte,tissue,,,,,,,,,,,,,,
APR_Hepat_Steatosis_48hr_dn,APR,NA,liver,hepatocyte,tissue,,,,,,,,,,,,,,
APR_Hepat_Steatosis_48hr_up,APR,NA,liver,hepatocyte,tissue,,,,,,,,,,,,,,
APR_HepG2_CellCycleArrest_1h_dn,APR,NA,liver,HepG2,tissue,,,,,,,,,,,,,,
APR_HepG2_CellCycleArrest_1h_up,APR,NA,liver,HepG2,tissue,,,,,,,,,,,,,,
APR_HepG2_CellCycleArrest_24h_dn,APR,NA,liver,HepG2,tissue,,,,,,,,,,,,,,
APR_HepG2_CellCycleArrest_24h_up,APR,NA,liver,HepG2,tissue,,,,,,,,,,,,,,
APR_HepG2_CellCycleArrest_72h_dn,APR,NA,liver,HepG2,tissue,,,,,,,,,,,,,,
APR_HepG2_CellCycleArrest_72h_up,APR,NA,liver,HepG2,tissue,,,,,,,,,,,,,,
APR_HepG2_CellLoss_1h_dn,APR,NA,liver,HepG2,tissue,,,,,,,,,,,,,,
APR_HepG2_CellLoss_1h_up,APR,NA,liver,HepG2,tissue,,,,,,,,,,,,,,
APR_HepG2_CellLoss_24h_dn,APR,NA,liver,HepG2,tissue,,,,,,,,,,,,,,
APR_HepG2_CellLoss_24h_up,APR,NA,liver,HepG2,tissue,,,,,,,,,,,,,,
APR_HepG2_CellLoss_72h_dn,APR,NA,liver,HepG2,tissue,,,,,,,,,,,,,,
APR_HepG2_CellLoss_72h_up,APR,NA,liver,HepG2,tissue,,,,,,,,,,,,,,
APR_HepG2_MicrotubuleCSK_1h_dn,APR,NA,liver,HepG2,tissue,,,,,,,,,,,,,,
APR_HepG2_MicrotubuleCSK_1h_up,APR,NA,liver,HepG2,tissue,,,,,,,,,,,,,,
APR_HepG2_MicrotubuleCSK_24h_dn,APR,NA,liver,HepG2,tissue,,,,,,,,,,,,,,
APR_HepG2_MicrotubuleCSK_24h_up,APR,NA,liver,HepG2,tissue,,,,,,,,,,,,,,
APR_HepG2_MicrotubuleCSK_72h_dn,APR,NA,liver,HepG2,tissue,,,,,,,,,,,,,,
APR_HepG2_MicrotubuleCSK_72h_up,APR,NA,liver,HepG2,tissue,,,,,,,,,,,,,,
APR_HepG2_MitoMass_1h_dn,APR,NA,liver,HepG2,tissue,,,,,,,,,,,,,,
APR_HepG2_MitoMass_1h_up,APR,NA,liver,HepG2,tissue,,,,,,,,,,,,,,
APR_HepG2_MitoMass_24h_dn,APR,NA,liver,HepG2,tissue,,,,,,,,,,,,,,
APR_HepG2_MitoMass_24h_up,APR,NA,liver,HepG2,tissue,,,,,,,,,,,,,,
APR_HepG2_MitoMass_72h_dn,APR,NA,liver,HepG2,tissue,,,,,,,,,,,,,,
APR_HepG2_MitoMass_72h_up,APR,NA,liver,HepG2,tissue,,,,,,,,,,,,,,
APR_HepG2_MitoMembPot_1h_dn,APR,NA,liver,HepG2,tissue,,,,,,,,,,,,,,
APR_HepG2_MitoMembPot_1h_up,APR,NA,liver,HepG2,tissue,,,,,,,,,,,,,,
APR_HepG2_MitoMembPot_24h_dn,APR,NA,liver,HepG2,tissue,,,,,,,,,,,,,,
APR_HepG2_MitoMembPot_24h_up,APR,NA,liver,HepG2,tissue,,,,,,,,,,,,,,
APR_HepG2_MitoMembPot_72h_dn,APR,NA,liver,HepG2,tissue,,,,,,,,,,,,,,
APR_HepG2_MitoMembPot_72h_up,APR,NA,liver,HepG2,tissue,,,,,,,,,,,,,,
APR_HepG2_MitoticArrest_1h_dn,APR,NA,liver,HepG2,tissue,,,,,,,,,,,,,,
APR_HepG2_MitoticArrest_1h_up,APR,NA,liver,HepG2,tissue,,,,,,,,,,,,,,
APR_HepG2_MitoticArrest_24h_dn,APR,NA,liver,HepG2,tissue,,,,,,,,,,,,,,
APR_HepG2_MitoticArrest_24h_up,APR,NA,liver,HepG2,tissue,,,,,,,,,,,,,,
APR_HepG2_MitoticArrest_72h_dn,APR,NA,liver,HepG2,tissue,,,,,,,,,,,,,,
APR_HepG2_MitoticArrest_72h_up,APR,NA,liver,HepG2,tissue,,,,,,,,,,,,,,
APR_HepG2_NuclearSize_1h_dn,APR,NA,liver,HepG2,tissue,,,,,,,,,,,,,,
APR_HepG2_NuclearSize_1h_up,APR,NA,liver,HepG2,tissue,,,,,,,,,,,,,,
APR_HepG2_NuclearSize_24h_dn,APR,NA,liver,HepG2,tissue,,,,,,,,,,,,,,
APR_HepG2_NuclearSize_24h_up,APR,NA,liver,HepG2,tissue,,,,,,,,,,,,,,
APR_HepG2_NuclearSize_72h_dn,APR,NA,liver,HepG2,tissue,,,,,,,,,,,,,,
APR_HepG2_NuclearSize_72h_up,APR,NA,liver,HepG2,tissue,,,,,,,,,,,,,,
APR_HepG2_OxidativeStress_1h_dn,APR,NA,liver,HepG2,tissue,,,,,,,,,,,,,,
APR_HepG2_OxidativeStress_1h_up,APR,NA,liver,HepG2,tissue,,,,,,,,,,,,,,
APR_HepG2_OxidativeStress_24h_dn,APR,NA,liver,HepG2,tissue,,,,,,,,,,,,,,
APR_HepG2_OxidativeStress_24h_up,APR,NA,liver,HepG2,tissue,,,,,,,,,,,,,,
APR_HepG2_OxidativeStress_72h_dn,APR,NA,liver,HepG2,tissue,,,,,,,,,,,,,,
APR_HepG2_OxidativeStress_72h_up,APR,NA,liver,HepG2,tissue,,,,,,,,,,,,,,
APR_HepG2_p53Act_1h_dn,APR,TP53,liver,HepG2,viability,,,,,,,,,,,,,,
APR_HepG2_p53Act_1h_up,APR,TP53,liver,HepG2,viability,,,,,,,,,,,,,,
APR_HepG2_p53Act_24h_dn,APR,TP53,liver,HepG2,viability,,,,,,,,,,,,,,
APR_HepG2_p53Act_24h_up,APR,TP53,liver,HepG2,viability,,,,,,,,,,,,,,
APR_HepG2_p53Act_72h_dn,APR,TP53,liver,HepG2,viability,,,,,,,,,,,,,,
APR_HepG2_p53Act_72h_up,APR,TP53,liver,HepG2,viability,,,,,,,,,,,,,,
APR_HepG2_StressKinase_1h_dn,APR,NA,liver,HepG2,tissue,,,,,,,,,,,,,,
APR_HepG2_StressKinase_1h_up,APR,NA,liver,HepG2,tissue,,,,,,,,,,,,,,
APR_HepG2_StressKinase_24h_dn,APR,NA,liver,HepG2,tissue,,,,,,,,,,,,,,
APR_HepG2_StressKinase_24h_up,APR,NA,liver,HepG2,tissue,,,,,,,,,,,,,,
APR_HepG2_StressKinase_72h_dn,APR,NA,liver,HepG2,tissue,,,,,,,,,,,,,,
APR_HepG2_StressKinase_72h_up,APR,NA,liver,HepG2,tissue,,,,,,,,,,,,,,
APR_Mitochondrial_mass_24hr_dn,APR,NA,NA,NA,viability,,,,,,,,,,,,,,
APR_Mitochondrial_mass_24hr_up,APR,NA,NA,NA,viability,,,,,,,,,,,,,,
APR_Mitochondrial_mass_72hr_dn,APR,NA,NA,NA,viability,,,,,,,,,,,,,,
APR_Mitochondrial_mass_72hr_up,APR,NA,NA,NA,viability,,,,,,,,,,,,,,
APR_Mitochondrial_membrane_potential_24hr_dn,APR,NA,NA,NA,viability,,,,,,,,,,,,,,
APR_Mitochondrial_membrane_potential_24hr_up,APR,NA,NA,NA,viability,,,,,,,,,,,,,,
APR_Mitochondrial_membrane_potential_72hr_dn,APR,NA,NA,NA,viability,,,,,,,,,,,,,,
APR_Mitochondrial_membrane_potential_72hr_up,APR,NA,NA,NA,viability,,,,,,,,,,,,,,
APR_Nuclear_size_1_24hr_dn,APR,NA,NA,NA,viability,,,,,,,,,,,,,,
APR_Nuclear_size_1_24hr_up,APR,NA,NA,NA,viability,,,,,,,,,,,,,,
APR_Nuclear_size_1_72hr_dn,APR,NA,NA,NA,viability,,,,,,,,,,,,,,
APR_Nuclear_size_1_72hr_up,APR,NA,NA,NA,viability,,,,,,,,,,,,,,
APR_Nuclear_size_2_24hr_dn,APR,NA,NA,NA,viability,,,,,,,,,,,,,,
APR_Nuclear_size_2_24hr_up,APR,NA,NA,NA,viability,,,,,,,,,,,,,,
APR_Nuclear_size_2_72hr_dn,APR,NA,NA,NA,viability,,,,,,,,,,,,,,
APR_Nuclear_size_2_72hr_up,APR,NA,NA,NA,viability,,,,,,,,,,,,,,
APR_p53_activation_24hr_dn,APR,TP53,NA,NA,none,,,,,,,,,,,,,,
APR_p53_activation_24hr_up,APR,TP53,NA,NA,viability,,,,,,,,,,,,,,
APR_p53_activation_72hr_dn,APR,TP53,NA,NA,none,,,,,,,,,,,,,,
APR_p53_activation_72hr_up,APR,TP53,NA,NA,viability,,,,,,,,,,,,,,
APR_p-cJun_24hr_dn,APR,JUN,NA,NA,none,,,,,,,,,,,,,,
APR_p-cJun_24hr_up,APR,JUN,NA,NA,none,,,,,,,,,,,,,,
APR_p-cJun_72hr_dn,APR,JUN,NA,NA,none,,,,,,,,,,,,,,
APR_p-cJun_72hr_up,APR,JUN,NA,NA,none,,,,,,,,,,,,,,
APR_p-H2AX_24hr_dn,APR,H2AFX,NA,NA,none,,,,,,,,,,,,,,
APR_p-H2AX_24hr_up,APR,H2AFX,NA,NA,viability,,,,,,,,,,,,,,
APR_p-H2AX_72hr_dn,APR,H2AFX,NA,NA,none,,,,,,,,,,,,,,
APR_p-H2AX_72hr_up,APR,H2AFX,NA,NA,viability,,,,,,,,,,,,,,
APR_p-H3_24hr_dn,APR,H3F3A|HIST1H3A|HIST2H3A,NA,NA,none,,,,,,,,,,,,,,
APR_p-H3_24hr_up,APR,H3F3A|HIST1H3A|HIST2H3A,NA,NA,viability,,,,,,,,,,,,,,
APR_p-H3_72hr_dn,APR,H3F3A|HIST1H3A|HIST2H3A,NA,NA,none,,,,,,,,,,,,,,
APR_p-H3_72hr_up,APR,H3F3A|HIST1H3A|HIST2H3A,NA,NA,viability,,,,,,,,,,,,,,
APR_Tubulin_microtubule_stability_24hr_dn,APR,TUBA1A|TUBA4A|TUBA3C|TUBA1B|TUBA8|TUBA1C|TUBA3E|TUBA3D,NA,NA,viability,,,,,,,,,,,,,,
APR_Tubulin_microtubule_stability_24hr_up,APR,TUBA1A|TUBA4A|TUBA3C|TUBA1B|TUBA8|TUBA1C|TUBA3E|TUBA3D,NA,NA,viability,,,,,,,,,,,,,,
APR_Tubulin_microtubule_stability_72hr_dn,APR,TUBA1A|TUBA4A|TUBA3C|TUBA1B|TUBA8|TUBA1C|TUBA3E|TUBA3D,NA,NA,viability,,,,,,,,,,,,,,
APR_Tubulin_microtubule_stability_72hr_up,APR,TUBA1A|TUBA4A|TUBA3C|TUBA1B|TUBA8|TUBA1C|TUBA3E|TUBA3D,NA,NA,viability,,,,,,,,,,,,,,
ATG_Ahr_CIS_dn,ATG,AHR,liver,HepG2,none,,,,,,,,,,,,,,
ATG_Ahr_CIS_up,ATG,AHR,liver,HepG2,gene target,,,,,,,,,,,,,,
ATG_AP_1_CIS_dn,ATG,FOS|JUN,liver,HepG2,none,,,,,,,,,,,,,,
ATG_AP_1_CIS_up,ATG,FOS|JUN,liver,HepG2,gene target,,,,,,,,,,,,,,
ATG_AP_2_CIS_dn,ATG,TFAP2A|TFAP2B|TFAP2D,liver,HepG2,none,,,,,,,,,,,,,,
ATG_AP_2_CIS_up,ATG,TFAP2A|TFAP2B|TFAP2D,liver,HepG2,gene target,,,,,,,,,,,,,,
ATG_AR_TRANS_dn,ATG,AR|AR|AR|AR,liver,HepG2,none,,,,,,,,,,,,,,
ATG_AR_TRANS_up,ATG,AR,liver,HepG2,gene target,,,,,,,,,,,,,,
ATG_BRE_CIS_dn,ATG,SMAD1,liver,HepG2,none,,,,,,,,,,,,,,
ATG_BRE_CIS_up,ATG,SMAD1,liver,HepG2,gene target,,,,,,,,,,,,,,
ATG_C_EBP_CIS_dn,ATG,CEBPB,liver,HepG2,none,,,,,,,,,,,,,,
ATG_C_EBP_CIS_up,ATG,CEBPB,liver,HepG2,gene target,,,,,,,,,,,,,,
ATG_CAR_TRANS_dn,ATG,NR1I3,liver,HepG2,none,,,,,,,,,,,,,,
ATG_CAR_TRANS_up,ATG,NR1I3,liver,HepG2,gene target,,,,,,,,,,,,,,
ATG_CMV_CIS_dn,ATG,NA,liver,HepG2,none,,,,,,,,,,,,,,
ATG_CMV_CIS_up,ATG,NA,liver,HepG2,gene target,,,,,,,,,,,,,,
ATG_COUP_TF1_TRANS2_dn,ATG,NR2F1,liver,HepG2,none,,,,,,,,,,,,,,
ATG_COUP_TF1_TRANS2_up,ATG,NR2F1,liver,HepG2,gene target,,,,,,,,,,,,,,
ATG_COUP_TF2_TRANS2_dn,ATG,NR2F2,liver,HepG2,none,,,,,,,,,,,,,,
ATG_COUP_TF2_TRANS2_up,ATG,NR2F2,liver,HepG2,gene target,,,,,,,,,,,,,,
ATG_CRE_CIS_dn,ATG,CREB3,liver,HepG2,none,,,,,,,,,,,,,,
ATG_CRE_CIS_up,ATG,CREB3,liver,HepG2,gene target,,,,,,,,,,,,,,
ATG_DAX1_TRANS2_dn,ATG,NR0B1,liver,HepG2,none,,,,,,,,,,,,,,
ATG_DAX1_TRANS2_up,ATG,NR0B1,liver,HepG2,gene target,,,,,,,,,,,,,,
ATG_DR4_LXR_CIS_dn,ATG,NR1H2|NR1H3,liver,HepG2,none,,,,,,,,,,,,,,
ATG_DR4_LXR_CIS_up,ATG,NR1H2|NR1H3,liver,HepG2,gene target,,,,,,,,,,,,,,
ATG_DR5_CIS_dn,ATG,RARA|RARB|RARG,liver,HepG2,none,,,,,,,,,,,,,,
ATG_DR5_CIS_up,ATG,RARA|RARB|RARG,liver,HepG2,gene target,,,,,,,,,,,,,,
ATG_E_Box_CIS_dn,ATG,USF1,liver,HepG2,none,,,,,,,,,,,,,,
ATG_E_Box_CIS_up,ATG,USF1,liver,HepG2,gene target,,,,,,,,,,,,,,
ATG_E2F_CIS_dn,ATG,E2F1,liver,HepG2,none,,,,,,,,,,,,,,
ATG_E2F_CIS_up,ATG,E2F1,liver,HepG2,gene target,,,,,,,,,,,,,,
ATG_EAR2_TRANS2_dn,ATG,NR2F6,liver,HepG2,none,,,,,,,,,,,,,,
ATG_EAR2_TRANS2_up,ATG,NR2F6,liver,HepG2,gene target,,,,,,,,,,,,,,
ATG_EGR_CIS_dn,ATG,EGR1,liver,HepG2,none,,,,,,,,,,,,,,
ATG_EGR_CIS_up,ATG,EGR1,liver,HepG2,gene target,,,,,,,,,,,,,,
ATG_ERa_TRANS_dn,ATG,ESR1|ESR1|ESR1|ESR1,liver,HepG2,none,,,,,,,,,,,,,,
ATG_ERa_TRANS_up,ATG,ESR1,liver,HepG2,gene target,,,,,,,,,,,,,,
ATG_ERb_TRANS2_dn,ATG,ESR2,liver,HepG2,none,,,,,,,,,,,,,,
ATG_ERb_TRANS2_up,ATG,ESR2,liver,HepG2,gene target,,,,,,,,,,,,,,
ATG_ERE_CIS_dn,ATG,ESR1|ESR1|ESR1|ESR1,liver,HepG2,none,,,,,,,,,,,,,,
ATG_ERE_CIS_up,ATG,ESR1,liver,HepG2,gene target,,,,,,,,,,,,,,
ATG_ERRa_TRANS_dn,ATG,ESRRA,liver,HepG2,none,,,,,,,,,,,,,,
ATG_ERRa_TRANS_up,ATG,ESRRA,liver,HepG2,gene target,,,,,,,,,,,,,,
ATG_ERRb_TRANS2_dn,ATG,ESRRB,liver,HepG2,none,,,,,,,,,,,,,,
ATG_ERRb_TRANS2_up,ATG,ESRRB,liver,HepG2,gene target,,,,,,,,,,,,,,
ATG_ERRg_TRANS_dn,ATG,ESRRG,liver,HepG2,none,,,,,,,,,,,,,,
ATG_ERRg_TRANS_up,ATG,ESRRG,liver,HepG2,gene target,,,,,,,,,,,,,,
ATG_Ets_CIS_dn,ATG,ETS1,liver,HepG2,none,,,,,,,,,,,,,,
ATG_Ets_CIS_up,ATG,ETS1,liver,HepG2,gene target,,,,,,,,,,,,,,
ATG_FoxA2_CIS_dn,ATG,FOXA2,liver,HepG2,none,,,,,,,,,,,,,,
ATG_FoxA2_CIS_up,ATG,FOXA2,liver,HepG2,gene target,,,,,,,,,,,,,,
ATG_FoxO_CIS_dn,ATG,FOXO1|FOXO3,liver,HepG2,none,,,,,,,,,,,,,,
ATG_FoxO_CIS_up,ATG,FOXO1|FOXO3,liver,HepG2,gene target,,,,,,,,,,,,,,
ATG_FXR_TRANS_dn,ATG,NR1H4,liver,HepG2,none,,,,,,,,,,,,,,
ATG_FXR_TRANS_up,ATG,NR1H4,liver,HepG2,gene target,,,,,,,,,,,,,,
ATG_GAL4_TRANS_dn,ATG,NA,liver,HepG2,none,,,,,,,,,,,,,,
ATG_GAL4_TRANS_up,ATG,NA,liver,HepG2,gene target,,,,,,,,,,,,,,
ATG_GATA_CIS_dn,ATG,GATA1,liver,HepG2,none,,,,,,,,,,,,,,
ATG_GATA_CIS_up,ATG,GATA1,liver,HepG2,gene target,,,,,,,,,,,,,,
ATG_GCNF_TRANS2_dn,ATG,NR6A1,liver,HepG2,none,,,,,,,,,,,,,,
ATG_GCNF_TRANS2_up,ATG,NR6A1,liver,HepG2,gene target,,,,,,,,,,,,,,
ATG_GLI_CIS_dn,ATG,GLI1,liver,HepG2,none,,,,,,,,,,,,,,
ATG_GLI_CIS_up,ATG,GLI1,liver,HepG2,gene target,,,,,,,,,,,,,,
ATG_GPCR_ADORA2A_TRANS_dn,ATG,ADORA2A,liver,HepG2,none,,,,,,,,,,,,,,
ATG_GPCR_ADORA2A_TRANS_up,ATG,ADORA2A,liver,HepG2,gene target,,,,,,,,,,,,,,
ATG_GPCR_ADORA2B_TRANS_dn,ATG,ADORA2B,liver,HepG2,none,,,,,,,,,,,,,,
ATG_GPCR_ADORA2B_TRANS_up,ATG,ADORA2B,liver,HepG2,gene target,,,,,,,,,,,,,,
ATG_GPCR_ADRA1A_TRANS_dn,ATG,ADRA1A,liver,HepG2,none,,,,,,,,,,,,,,
ATG_GPCR_ADRA1A_TRANS_up,ATG,ADRA1A,liver,HepG2,gene target,,,,,,,,,,,,,,
ATG_GPCR_ADRA2B_TRANS_dn,ATG,ADRA2B,liver,HepG2,none,,,,,,,,,,,,,,
ATG_GPCR_ADRA2B_TRANS_up,ATG,ADRA2B,liver,HepG2,gene target,,,,,,,,,,,,,,
ATG_GPCR_ADRB2_TRANS_dn,ATG,ADRB2,liver,HepG2,none,,,,,,,,,,,,,,
ATG_GPCR_ADRB2_TRANS_up,ATG,ADRB2,liver,HepG2,gene target,,,,,,,,,,,,,,
ATG_GPCR_ADRB3_TRANS_dn,ATG,ADRB3,liver,HepG2,none,,,,,,,,,,,,,,
ATG_GPCR_ADRB3_TRANS_up,ATG,ADRB3,liver,HepG2,gene target,,,,,,,,,,,,,,
ATG_GPCR_CHRM3_TRANS_dn,ATG,CHRM3,liver,HepG2,none,,,,,,,,,,,,,,
ATG_GPCR_CHRM3_TRANS_up,ATG,CHRM3,liver,HepG2,gene target,,,,,,,,,,,,,,
ATG_GPCR_DRD1_TRANS_dn,ATG,DRD1|DRD1,liver,HepG2,none,,,,,,,,,,,,,,
ATG_GPCR_DRD1_TRANS_up,ATG,DRD1|DRD1,liver,HepG2,gene target,,,,,,,,,,,,,,
ATG_GPCR_DRD5_TRANS_dn,ATG,DRD5,liver,HepG2,none,,,,,,,,,,,,,,
ATG_GPCR_DRD5_TRANS_up,ATG,DRD5,liver,HepG2,gene target,,,,,,,,,,,,,,
ATG_GPCR_EDNRA_TRANS_dn,ATG,EDNRA,liver,HepG2,none,,,,,,,,,,,,,,
ATG_GPCR_EDNRA_TRANS_up,ATG,EDNRA,liver,HepG2,gene target,,,,,,,,,,,,,,
ATG_GPCR_GCGR_TRANS_dn,ATG,GCGR,liver,HepG2,none,,,,,,,,,,,,,,
ATG_GPCR_GCGR_TRANS_up,ATG,GCGR,liver,HepG2,gene target,,,,,,,,,,,,,,
ATG_GPCR_GPBAR1_TRANS_dn,ATG,GPBAR1,liver,HepG2,none,,,,,,,,,,,,,,
ATG_GPCR_GPBAR1_TRANS_up,ATG,GPBAR1,liver,HepG2,gene target,,,,,,,,,,,,,,
ATG_GPCR_GPR40_TRANS_dn,ATG,FFAR1,liver,HepG2,none,,,,,,,,,,,,,,
ATG_GPCR_GPR40_TRANS_up,ATG,FFAR1,liver,HepG2,gene target,,,,,,,,,,,,,,
ATG_GPCR_GQ_TRANS_dn,ATG,GNAQ,liver,HepG2,none,,,,,,,,,,,,,,
ATG_GPCR_GQ_TRANS_up,ATG,GNAQ,liver,HepG2,gene target,,,,,,,,,,,,,,
ATG_GPCR_GS_TRANS_dn,ATG,GNAS,liver,HepG2,none,,,,,,,,,,,,,,
ATG_GPCR_GS_TRANS_up,ATG,GNAS,liver,HepG2,gene target,,,,,,,,,,,,,,
ATG_GPCR_GS1_TRANS_dn,ATG,GNAS,liver,HepG2,none,,,,,,,,,,,,,,
ATG_GPCR_GS1_TRANS_up,ATG,GNAS,liver,HepG2,gene target,,,,,,,,,,,,,,
ATG_GPCR_HRH1_TRANS_dn,ATG,HRH1|HRH1,liver,HepG2,none,,,,,,,,,,,,,,
ATG_GPCR_HRH1_TRANS_up,ATG,HRH1|HRH1,liver,HepG2,gene target,,,,,,,,,,,,,,
ATG_GPCR_HTR6_TRANS_dn,ATG,HTR6,liver,HepG2,none,,,,,,,,,,,,,,
ATG_GPCR_HTR6_TRANS_up,ATG,HTR6,liver,HepG2,gene target,,,,,,,,,,,,,,
ATG_GPCR_HTR7_TRANS_dn,ATG,HTR7,liver,HepG2,none,,,,,,,,,,,,,,
ATG_GPCR_HTR7_TRANS_up,ATG,HTR7,liver,HepG2,gene target,,,,,,,,,,,,,,
ATG_GPCR_LPAR4_TRANS_dn,ATG,LPAR4,liver,HepG2,none,,,,,,,,,,,,,,
ATG_GPCR_LPAR4_TRANS_up,ATG,LPAR4,liver,HepG2,gene target,,,,,,,,,,,,,,
ATG_GPCR_MC1R_TRANS_dn,ATG,MC1R,liver,HepG2,none,,,,,,,,,,,,,,
ATG_GPCR_MC1R_TRANS_up,ATG,MC1R,liver,HepG2,gene target,,,,,,,,,,,,,,
ATG_GPCR_MC2R_TRANS_dn,ATG,MC2R,liver,HepG2,none,,,,,,,,,,,,,,
ATG_GPCR_MC2R_TRANS_up,ATG,MC2R,liver,HepG2,gene target,,,,,,,,,,,,,,
ATG_GPCR_MC3R_TRANS_dn,ATG,MC3R,liver,HepG2,none,,,,,,,,,,,,,,
ATG_GPCR_MC3R_TRANS_up,ATG,MC3R,liver,HepG2,gene target,,,,,,,,,,,,,,
ATG_GPCR_MC4R_TRANS_dn,ATG,MC4R,liver,HepG2,none,,,,,,,,,,,,,,
ATG_GPCR_MC4R_TRANS_up,ATG,MC4R,liver,HepG2,gene target,,,,,,,,,,,,,,
ATG_GPCR_PTGDR_TRANS_dn,ATG,PTGDR,liver,HepG2,none,,,,,,,,,,,,,,
ATG_GPCR_PTGDR_TRANS_up,ATG,PTGDR,liver,HepG2,gene target,,,,,,,,,,,,,,
ATG_GPCR_PTGIR_TRANS_dn,ATG,PTGIR,liver,HepG2,none,,,,,,,,,,,,,,
ATG_GPCR_PTGIR_TRANS_up,ATG,PTGIR,liver,HepG2,gene target,,,,,,,,,,,,,,
ATG_GR_TRANS_dn,ATG,NR3C1,liver,HepG2,none,,,,,,,,,,,,,,
ATG_GR_TRANS_up,ATG,NR3C1,liver,HepG2,gene target,,,,,,,,,,,,,,
ATG_GRE_CIS_dn,ATG,NR3C1,liver,HepG2,none,,,,,,,,,,,,,,
ATG_GRE_CIS_up,ATG,NR3C1,liver,HepG2,gene target,,,,,,,,,,,,,,
ATG_HIF1a_CIS_dn,ATG,HIF1A,liver,HepG2,none,,,,,,,,,,,,,,
ATG_HIF1a_CIS_up,ATG,HIF1A,liver,HepG2,gene target,,,,,,,,,,,,,,
ATG_HNF4a_TRANS_dn,ATG,HNF4A,liver,HepG2,none,,,,,,,,,,,,,,
ATG_HNF4a_TRANS_up,ATG,HNF4A,liver,HepG2,gene target,,,,,,,,,,,,,,
ATG_HNF4g_TRANS2_dn,ATG,HNF4G,liver,HepG2,none,,,,,,,,,,,,,,
ATG_HNF4g_TRANS2_up,ATG,HNF4G,liver,HepG2,gene target,,,,,,,,,,,,,,
ATG_HNF6_CIS_dn,ATG,ONECUT1,liver,HepG2,none,,,,,,,,,,,,,,
ATG_HNF6_CIS_up,ATG,ONECUT1,liver,HepG2,gene target,,,,,,,,,,,,,,
ATG_Hpa5_TRANS_dn,ATG,NA,liver,HepG2,none,,,,,,,,,,,,,,
ATG_Hpa5_TRANS_up,ATG,NA,liver,HepG2,gene target,,,,,,,,,,,,,,
ATG_HSE_CIS_dn,ATG,HSF1,liver,HepG2,none,,,,,,,,,,,,,,
ATG_HSE_CIS_up,ATG,HSF1,liver,HepG2,gene target,,,,,,,,,,,,,,
ATG_IR1_CIS_dn,ATG,NR1H4,liver,HepG2,none,,,,,,,,,,,,,,
ATG_IR1_CIS_up,ATG,NR1H4,liver,HepG2,gene target,,,,,,,,,,,,,,
ATG_ISRE_CIS_dn,ATG,IRF1,liver,HepG2,none,,,,,,,,,,,,,,
ATG_ISRE_CIS_up,ATG,IRF1,liver,HepG2,gene target,,,,,,,,,,,,,,
ATG_LRH1_TRANS2_dn,ATG,NR5A2,liver,HepG2,none,,,,,,,,,,,,,,
ATG_LRH1_TRANS2_up,ATG,NR5A2,liver,HepG2,gene target,,,,,,,,,,,,,,
ATG_LXRa_TRANS_dn,ATG,NR1H3,liver,HepG2,none,,,,,,,,,,,,,,
ATG_LXRa_TRANS_up,ATG,NR1H3,liver,HepG2,gene target,,,,,,,,,,,,,,
ATG_LXRb_TRANS_dn,ATG,NR1H2,liver,HepG2,none,,,,,,,,,,,,,,
ATG_LXRb_TRANS_up,ATG,NR1H2,liver,HepG2,gene target,,,,,,,,,,,,,,
ATG_M_06_CIS_dn,ATG,NA,liver,HepG2,none,,,,,,,,,,,,,,
ATG_M_06_CIS_up,ATG,NA,liver,HepG2,gene target,,,,,,,,,,,,,,
ATG_M_06_TRANS_dn,ATG,NA,liver,HepG2,none,,,,,,,,,,,,,,
ATG_M_06_TRANS_up,ATG,NA,liver,HepG2,gene target,,,,,,,,,,,,,,
ATG_M_19_CIS_dn,ATG,NA,liver,HepG2,none,,,,,,,,,,,,,,
ATG_M_19_CIS_up,ATG,NA,liver,HepG2,gene target,,,,,,,,,,,,,,
ATG_M_19_TRANS_dn,ATG,NA,liver,HepG2,none,,,,,,,,,,,,,,
ATG_M_19_TRANS_up,ATG,NA,liver,HepG2,gene target,,,,,,,,,,,,,,
ATG_M_32_CIS_dn,ATG,NA,liver,HepG2,none,,,,,,,,,,,,,,
ATG_M_32_CIS_up,ATG,NA,liver,HepG2,gene target,,,,,,,,,,,,,,
ATG_M_32_TRANS_dn,ATG,NA,liver,HepG2,none,,,,,,,,,,,,,,
ATG_M_32_TRANS_up,ATG,NA,liver,HepG2,gene target,,,,,,,,,,,,,,
ATG_M_61_CIS_dn,ATG,NA,liver,HepG2,none,,,,,,,,,,,,,,
ATG_M_61_CIS_up,ATG,NA,liver,HepG2,gene target,,,,,,,,,,,,,,
ATG_M_61_TRANS_dn,ATG,NA,liver,HepG2,none,,,,,,,,,,,,,,
ATG_M_61_TRANS_up,ATG,NA,liver,HepG2,gene target,,,,,,,,,,,,,,
ATG_MR_TRANS2_dn,ATG,NR3C2,liver,HepG2,none,,,,,,,,,,,,,,
ATG_MR_TRANS2_up,ATG,NR3C2,liver,HepG2,gene target,,,,,,,,,,,,,,
ATG_MRE_CIS_dn,ATG,MTF1,liver,HepG2,none,,,,,,,,,,,,,,
ATG_MRE_CIS_up,ATG,MTF1,liver,HepG2,gene target,,,,,,,,,,,,,,
ATG_Myb_CIS_dn,ATG,MYB,liver,HepG2,none,,,,,,,,,,,,,,
ATG_Myb_CIS_up,ATG,MYB,liver,HepG2,gene target,,,,,,,,,,,,,,
ATG_Myc_CIS_dn,ATG,MYC,liver,HepG2,none,,,,,,,,,,,,,,
ATG_Myc_CIS_up,ATG,MYC,liver,HepG2,gene target,,,,,,,,,,,,,,
ATG_NF_kB_CIS_dn,ATG,NFKB1,liver,HepG2,none,,,,,,,,,,,,,,
ATG_NF_kB_CIS_up,ATG,NFKB1,liver,HepG2,gene target,,,,,,,,,,,,,,
ATG_NFI_CIS_dn,ATG,NFIA,liver,HepG2,none,,,,,,,,,,,,,,
ATG_NFI_CIS_up,ATG,NFIA,liver,HepG2,gene target,,,,,,,,,,,,,,
ATG_NOR1_TRANS2_dn,ATG,NR4A3,liver,HepG2,none,,,,,,,,,,,,,,
ATG_NOR1_TRANS2_up,ATG,NR4A3,liver,HepG2,gene target,,,,,,,,,,,,,,
ATG_NRF1_CIS_dn,ATG,NRF1,liver,HepG2,none,,,,,,,,,,,,,,
ATG_NRF1_CIS_up,ATG,NRF1,liver,HepG2,gene target,,,,,,,,,,,,,,
ATG_NRF2_ARE_CIS_dn,ATG,NFE2L2,liver,HepG2,none,,,,,,,,,,,,,,
ATG_NRF2_ARE_CIS_up,ATG,NFE2L2,liver,HepG2,gene target,,,,,,,,,,,,,,
ATG_NUR77_TRANS2_dn,ATG,NR4A1,liver,HepG2,none,,,,,,,,,,,,,,
ATG_NUR77_TRANS2_up,ATG,NR4A1,liver,HepG2,gene target,,,,,,,,,,,,,,
ATG_NURR1_TRANS_dn,ATG,NR4A2,liver,HepG2,none,,,,,,,,,,,,,,
ATG_NURR1_TRANS_up,ATG,NR4A2,liver,HepG2,gene target,,,,,,,,,,,,,,
ATG_Oct_MLP_CIS_dn,ATG,POU2F1,liver,HepG2,none,,,,,,,,,,,,,,
ATG_Oct_MLP_CIS_up,ATG,POU2F1,liver,HepG2,gene target,,,,,,,,,,,,,,
ATG_p53_CIS_dn,ATG,TP53,liver,HepG2,none,,,,,,,,,,,,,,
ATG_p53_CIS_up,ATG,TP53,liver,HepG2,gene target,,,,,,,,,,,,,,
ATG_Pax6_CIS_dn,ATG,PAX6,liver,HepG2,none,,,,,,,,,,,,,,
ATG_Pax6_CIS_up,ATG,PAX6,liver,HepG2,gene target,,,,,,,,,,,,,,
ATG_PBREM_CIS_dn,ATG,NR1I3,liver,HepG2,none,,,,,,,,,,,,,,
ATG_PBREM_CIS_up,ATG,NR1I3,liver,HepG2,gene target,,,,,,,,,,,,,,
ATG_PNR_TRANS2_dn,ATG,NR2E3,liver,HepG2,none,,,,,,,,,,,,,,
ATG_PNR_TRANS2_up,ATG,NR2E3,liver,HepG2,gene target,,,,,,,,,,,,,,
ATG_PPARa_TRANS_dn,ATG,PPARA,liver,HepG2,none,,,,,,,,,,,,,,
ATG_PPARa_TRANS_up,ATG,PPARA,liver,HepG2,gene target,,,,,,,,,,,,,,
ATG_PPARd_TRANS_dn,ATG,PPARD,liver,HepG2,none,,,,,,,,,,,,,,
ATG_PPARd_TRANS_up,ATG,PPARD,liver,HepG2,gene target,,,,,,,,,,,,,,
ATG_PPARg_TRANS_dn,ATG,PPARG,liver,HepG2,none,,,,,,,,,,,,,,
ATG_PPARg_TRANS_up,ATG,PPARG,liver,HepG2,gene target,,,,,,,,,,,,,,
ATG_PPRE_CIS_dn,ATG,PPARA|PPARD|PPARG,liver,HepG2,none,,,,,,,,,,,,,,
ATG_PPRE_CIS_up,ATG,PPARA|PPARD|PPARG,liver,HepG2,gene target,,,,,,,,,,,,,,
ATG_PR_TRANS2_dn,ATG,PGR|PGR,liver,HepG2,none,,,,,,,,,,,,,,
ATG_PR_TRANS2_up,ATG,PGR,liver,HepG2,gene target,,,,,,,,,,,,,,
ATG_PXR_TRANS_dn,ATG,NR1I2,liver,HepG2,none,,,,,,,,,,,,,,
ATG_PXR_TRANS_up,ATG,NR1I2,liver,HepG2,gene target,,,,,,,,,,,,,,
ATG_PXRE_CIS_dn,ATG,NR1I2,liver,HepG2,none,,,,,,,,,,,,,,
ATG_PXRE_CIS_up,ATG,NR1I2,liver,HepG2,gene target,,,,,,,,,,,,,,
ATG_RARa_TRANS_dn,ATG,RARA,liver,HepG2,none,,,,,,,,,,,,,,
ATG_RARa_TRANS_up,ATG,RARA,liver,HepG2,gene target,,,,,,,,,,,,,,
ATG_RARb_TRANS_dn,ATG,RARB,liver,HepG2,none,,,,,,,,,,,,,,
ATG_RARb_TRANS_up,ATG,RARB,liver,HepG2,gene target,,,,,,,,,,,,,,
ATG_RARg_TRANS_dn,ATG,RARG,liver,HepG2,none,,,,,,,,,,,,,,
ATG_RARg_TRANS_up,ATG,RARG,liver,HepG2,gene target,,,,,,,,,,,,,,
ATG_Rev_ERB_A_TRANS2_dn,ATG,NR1D1,liver,HepG2,none,,,,,,,,,,,,,,
ATG_Rev_ERB_A_TRANS2_up,ATG,NR1D1,liver,HepG2,gene target,,,,,,,,,,,,,,
ATG_Rev_ERB_B_TRANS2_dn,ATG,NR1D2,liver,HepG2,none,,,,,,,,,,,,,,
ATG_Rev_ERB_B_TRANS2_up,ATG,NR1D2,liver,HepG2,gene target,,,,,,,,,,,,,,
ATG_RORa_TRANS2_dn,ATG,RORA,liver,HepG2,none,,,,,,,,,,,,,,
ATG_RORa_TRANS2_up,ATG,RORA,liver,HepG2,gene target,,,,,,,,,,,,,,
ATG_RORb_TRANS_dn,ATG,RORB,liver,HepG2,none,,,,,,,,,,,,,,
ATG_RORb_TRANS_up,ATG,RORB,liver,HepG2,gene target,,,,,,,,,,,,,,
ATG_RORE_CIS_dn,ATG,RORA|RORB|RORC,liver,HepG2,none,,,,,,,,,,,,,,
ATG_RORE_CIS_up,ATG,RORA|RORB|RORC,liver,HepG2,gene target,,,,,,,,,,,,,,
ATG_RORg_TRANS_dn,ATG,RORC,liver,HepG2,none,,,,,,,,,,,,,,
ATG_RORg_TRANS_up,ATG,RORC,liver,HepG2,gene target,,,,,,,,,,,,,,
ATG_RXRa_TRANS_dn,ATG,RXRA,liver,HepG2,none,,,,,,,,,,,,,,
ATG_RXRa_TRANS_up,ATG,RXRA,liver,HepG2,gene target,,,,,,,,,,,,,,
ATG_RXRb_TRANS_dn,ATG,RXRB,liver,HepG2,none,,,,,,,,,,,,,,
ATG_RXRb_TRANS_up,ATG,RXRB,liver,HepG2,gene target,,,,,,,,,,,,,,
ATG_RXRg_TRANS2_dn,ATG,RXRG,liver,HepG2,none,,,,,,,,,,,,,,
ATG_RXRg_TRANS2_up,ATG,NA,liver,HepG2,gene target,,,,,,,,,,,,,,
ATG_SF_1_TRANS2_dn,ATG,NR5A1,liver,HepG2,none,,,,,,,,,,,,,,
ATG_SF_1_TRANS2_up,ATG,NR5A1,liver,HepG2,gene target,,,,,,,,,,,,,,
ATG_SHP_TRANS2_dn,ATG,NR0B2,liver,HepG2,none,,,,,,,,,,,,,,
ATG_SHP_TRANS2_up,ATG,NR0B2,liver,HepG2,gene target,,,,,,,,,,,,,,
ATG_Sox_CIS_dn,ATG,SOX1,liver,HepG2,none,,,,,,,,,,,,,,
ATG_Sox_CIS_up,ATG,SOX1,liver,HepG2,gene target,,,,,,,,,,,,,,
ATG_Sp1_CIS_dn,ATG,SP1,liver,HepG2,none,,,,,,,,,,,,,,
ATG_Sp1_CIS_up,ATG,SP1,liver,HepG2,gene target,,,,,,,,,,,,,,
ATG_SREBP_CIS_dn,ATG,SREBF1,liver,HepG2,none,,,,,,,,,,,,,,
ATG_SREBP_CIS_up,ATG,SREBF1,liver,HepG2,gene target,,,,,,,,,,,,,,
ATG_STAT3_CIS_dn,ATG,STAT3,liver,HepG2,none,,,,,,,,,,,,,,
ATG_STAT3_CIS_up,ATG,STAT3,liver,HepG2,gene target,,,,,,,,,,,,,,
ATG_TA_CIS_dn,ATG,NA,liver,HepG2,none,,,,,,,,,,,,,,
ATG_TA_CIS_up,ATG,NA,liver,HepG2,gene target,,,,,,,,,,,,,,
ATG_TAL_CIS_dn,ATG,NA,liver,HepG2,none,,,,,,,,,,,,,,
ATG_TAL_CIS_up,ATG,NA,liver,HepG2,gene target,,,,,,,,,,,,,,
ATG_TCF_b_cat_CIS_dn,ATG,TCF7|TCF7L2|LEF1|TCF7L1,liver,HepG2,none,,,,,,,,,,,,,,
ATG_TCF_b_cat_CIS_up,ATG,TCF7|TCF7L2|LEF1|TCF7L1,liver,HepG2,gene target,,,,,,,,,,,,,,
ATG_TGFb_CIS_dn,ATG,TGFB1,liver,HepG2,none,,,,,,,,,,,,,,
ATG_TGFb_CIS_up,ATG,TGFB1|TGFBR1,liver,HepG2,gene target,,,,,,,,,,,,,,
ATG_THRa1_TRANS_dn,ATG,THRA|THRA,liver,HepG2,none,,,,,,,,,,,,,,
ATG_THRa1_TRANS_up,ATG,THRA,liver,HepG2,gene target,,,,,,,,,,,,,,
ATG_THRb_TRANS2_dn,ATG,THRB,liver,HepG2,none,,,,,,,,,,,,,,
ATG_THRb_TRANS2_up,ATG,THRB,liver,HepG2,gene target,,,,,,,,,,,,,,
ATG_TLX_TRANS2_dn,ATG,NR2E1,liver,HepG2,none,,,,,,,,,,,,,,
ATG_TLX_TRANS2_up,ATG,NR2E1,liver,HepG2,gene target,,,,,,,,,,,,,,
ATG_TR2_TRANS2_dn,ATG,NR2C1,liver,HepG2,none,,,,,,,,,,,,,,
ATG_TR2_TRANS2_up,ATG,NR2C1,liver,HepG2,gene target,,,,,,,,,,,,,,
ATG_TR4_TRANS2_dn,ATG,NR2C2,liver,HepG2,none,,,,,,,,,,,,,,
ATG_TR4_TRANS2_up,ATG,NR2C2,liver,HepG2,gene target,,,,,,,,,,,,,,
ATG_VDR_TRANS_dn,ATG,VDR,liver,HepG2,none,,,,,,,,,,,,,,
ATG_VDR_TRANS_up,ATG,VDR,liver,HepG2,gene target,,,,,,,,,,,,,,
ATG_VDRE_CIS_dn,ATG,VDR,liver,HepG2,none,,,,,,,,,,,,,,
ATG_VDRE_CIS_up,ATG,VDR,liver,HepG2,gene target,,,,,,,,,,,,,,
ATG_Xbp1_CIS_dn,ATG,XBP1,liver,HepG2,none,,,,,,,,,,,,,,
ATG_Xbp1_CIS_up,ATG,XBP1,liver,HepG2,gene target,,,,,,,,,,,,,,
ATG_XTT_Cytotoxicity_up,ATG,NA,liver,HepG2,viability,,,,,,,,,,,,,,
BSK_3C_Eselectin_down,BSK,SELE,vascular,umbilical vein endothelium,tissue,,,,,,,,,,,,,,
BSK_3C_Eselectin_up,BSK,SELE,vascular,umbilical vein endothelium,tissue,,,,,,,,,,,,,,
BSK_3C_HLADR_down,BSK,HLA-DRA,vascular,umbilical vein endothelium,tissue,,,,,,,,,,,,,,
BSK_3C_HLADR_up,BSK,HLA-DRA,vascular,umbilical vein endothelium,tissue,,,,,,,,,,,,,,
BSK_3C_ICAM1_down,BSK,ICAM1,vascular,umbilical vein endothelium,tissue,,,,,,,,,,,,,,
BSK_3C_ICAM1_up,BSK,ICAM1,vascular,umbilical vein endothelium,tissue,,,,,,,,,,,,,,
BSK_3C_IL8_down,BSK,CXCL8,vascular,umbilical vein endothelium,tissue,,,,,,,,,,,,,,
BSK_3C_IL8_up,BSK,CXCL8,vascular,umbilical vein endothelium,tissue,,,,,,,,,,,,,,
BSK_3C_MCP1_down,BSK,CCL2,vascular,umbilical vein endothelium,tissue,,,,,,,,,,,,,,
BSK_3C_MCP1_up,BSK,CCL2,vascular,umbilical vein endothelium,tissue,,,,,,,,,,,,,,
BSK_3C_MIG_down,BSK,CXCL9,vascular,umbilical vein endothelium,tissue,,,,,,,,,,,,,,
BSK_3C_MIG_up,BSK,CXCL9,vascular,umbilical vein endothelium,tissue,,,,,,,,,,,,,,
BSK_3C_Proliferation_down,BSK,NA,vascular,umbilical vein endothelium,tissue,,,,,,,,,,,,,,
BSK_3C_Proliferation_up,BSK,NA,vascular,umbilical vein endothelium,tissue,,,,,,,,,,,,,,
BSK_3C_SRB_down,BSK,NA,vascular,umbilical vein endothelium,tissue,,,,,,,,,,,,,,
BSK_3C_SRB_up,BSK,NA,vascular,umbilical vein endothelium,tissue,,,,,,,,,,,,,,
BSK_3C_Thrombomodulin_down,BSK,THBD,vascular,umbilical vein endothelium,tissue,,,,,,,,,,,,,,
BSK_3C_Thrombomodulin_up,BSK,THBD,vascular,umbilical vein endothelium,tissue,,,,,,,,,,,,,,
BSK_3C_TissueFactor_down,BSK,F3,vascular,umbilical vein endothelium,tissue,,,,,,,,,,,,,,
BSK_3C_TissueFactor_up,BSK,F3,vascular,umbilical vein endothelium,tissue,,,,,,,,,,,,,,
BSK_3C_uPAR_down,BSK,PLAUR,vascular,umbilical vein endothelium,tissue,,,,,,,,,,,,,,
BSK_3C_uPAR_up,BSK,PLAUR,vascular,umbilical vein endothelium,tissue,,,,,,,,,,,,,,
BSK_3C_VCAM1_down,BSK,VCAM1,vascular,umbilical vein endothelium,tissue,,,,,,,,,,,,,,
BSK_3C_VCAM1_up,BSK,VCAM1,vascular,umbilical vein endothelium,tissue,,,,,,,,,,,,,,
BSK_3C_Vis_down,BSK,NA,vascular,umbilical vein endothelium,tissue,,,,,,,,,,,,,,
BSK_3C_Vis_up,BSK,NA,vascular,umbilical vein endothelium,tissue,,,,,,,,,,,,,,
BSK_4H_Eotaxin3_down,BSK,CCL26,vascular,umbilical vein endothelium,tissue,,,,,,,,,,,,,,
BSK_4H_Eotaxin3_up,BSK,CCL26,vascular,umbilical vein endothelium,tissue,,,,,,,,,,,,,,
BSK_4H_MCP1_down,BSK,CCL2,vascular,umbilical vein endothelium,tissue,,,,,,,,,,,,,,
BSK_4H_MCP1_up,BSK,CCL2,vascular,umbilical vein endothelium,tissue,,,,,,,,,,,,,,
BSK_4H_Pselectin_down,BSK,SELP,vascular,umbilical vein endothelium,tissue,,,,,,,,,,,,,,
BSK_4H_Pselectin_up,BSK,SELP,vascular,umbilical vein endothelium,tissue,,,,,,,,,,,,,,
BSK_4H_SRB_down,BSK,NA,vascular,umbilical vein endothelium,tissue,,,,,,,,,,,,,,
BSK_4H_SRB_up,BSK,NA,vascular,umbilical vein endothelium,tissue,,,,,,,,,,,,,,
BSK_4H_uPAR_down,BSK,PLAUR,vascular,umbilical vein endothelium,tissue,,,,,,,,,,,,,,
BSK_4H_uPAR_up,BSK,PLAUR,vascular,umbilical vein endothelium,tissue,,,,,,,,,,,,,,
BSK_4H_VCAM1_down,BSK,VCAM1,vascular,umbilical vein endothelium,tissue,,,,,,,,,,,,,,
BSK_4H_VCAM1_up,BSK,VCAM1,vascular,umbilical vein endothelium,tissue,,,,,,,,,,,,,,
BSK_4H_VEGFRII_down,BSK,KDR,vascular,umbilical vein endothelium,tissue,,,,,,,,,,,,,,
BSK_4H_VEGFRII_up,BSK,KDR,vascular,umbilical vein endothelium,tissue,,,,,,,,,,,,,,
BSK_BE3C_HLADR_down,BSK,HLA-DRA,lung,bronchial epithelial cells,tissue,,,,,,,,,,,,,,
BSK_BE3C_HLADR_up,BSK,HLA-DRA,lung,bronchial epithelial cells,tissue,,,,,,,,,,,,,,
BSK_BE3C_IL1a_down,BSK,IL1A,lung,bronchial epithelial cells,tissue,,,,,,,,,,,,,,
BSK_BE3C_IL1a_up,BSK,IL1A,lung,bronchial epithelial cells,tissue,,,,,,,,,,,,,,
BSK_BE3C_IP10_down,BSK,CXCL10,lung,bronchial epithelial cells,tissue,,,,,,,,,,,,,,
BSK_BE3C_IP10_up,BSK,CXCL10,lung,bronchial epithelial cells,tissue,,,,,,,,,,,,,,
BSK_BE3C_MIG_down,BSK,CXCL9,lung,bronchial epithelial cells,tissue,,,,,,,,,,,,,,
BSK_BE3C_MIG_up,BSK,CXCL9,lung,bronchial epithelial cells,tissue,,,,,,,,,,,,,,
BSK_BE3C_MMP1_down,BSK,MMP1,lung,bronchial epithelial cells,tissue,,,,,,,,,,,,,,
BSK_BE3C_MMP1_up,BSK,MMP1,lung,bronchial epithelial cells,tissue,,,,,,,,,,,,,,
BSK_BE3C_PAI1_down,BSK,SERPINE1,lung,bronchial epithelial cells,tissue,,,,,,,,,,,,,,
BSK_BE3C_PAI1_up,BSK,SERPINE1,lung,bronchial epithelial cells,tissue,,,,,,,,,,,,,,
BSK_BE3C_SRB_down,BSK,NA,lung,bronchial epithelial cells,tissue,,,,,,,,,,,,,,
BSK_BE3C_SRB_up,BSK,NA,lung,bronchial epithelial cells,tissue,,,,,,,,,,,,,,
BSK_BE3C_TGFb1_down,BSK,TGFB1|TGFBR1,lung,bronchial epithelial cells,tissue,,,,,,,,,,,,,,
BSK_BE3C_TGFb1_up,BSK,TGFB1|TGFBR1,lung,bronchial epithelial cells,tissue,,,,,,,,,,,,,,
BSK_BE3C_tPA_down,BSK,PLAT,lung,bronchial epithelial cells,tissue,,,,,,,,,,,,,,
BSK_BE3C_tPA_up,BSK,PLAT,lung,bronchial epithelial cells,tissue,,,,,,,,,,,,,,
BSK_BE3C_uPA_down,BSK,PLAU,lung,bronchial epithelial cells,tissue,,,,,,,,,,,,,,
BSK_BE3C_uPA_up,BSK,PLAU,lung,bronchial epithelial cells,tissue,,,,,,,,,,,,,,
BSK_BE3C_uPAR_down,BSK,PLAUR,lung,bronchial epithelial cells,tissue,,,,,,,,,,,,,,
BSK_BE3C_uPAR_up,BSK,PLAUR,lung,bronchial epithelial cells,tissue,,,,,,,,,,,,,,
BSK_CASM3C_HLADR_down,BSK,HLA-DRA,vascular,coronary artery smooth muscle cells,tissue,,,,,,,,,,,,,,
BSK_CASM3C_HLADR_up,BSK,HLA-DRA,vascular,coronary artery smooth muscle cells,tissue,,,,,,,,,,,,,,
BSK_CASM3C_IL6_down,BSK,IL6,vascular,coronary artery smooth muscle cells,tissue,,,,,,,,,,,,,,
BSK_CASM3C_IL6_up,BSK,IL6,vascular,coronary artery smooth muscle cells,tissue,,,,,,,,,,,,,,
BSK_CASM3C_IL8_down,BSK,CXCL8,vascular,coronary artery smooth muscle cells,tissue,,,,,,,,,,,,,,
BSK_CASM3C_IL8_up,BSK,CXCL8,vascular,coronary artery smooth muscle cells,tissue,,,,,,,,,,,,,,
BSK_CASM3C_LDLR_down,BSK,LDLR,vascular,coronary artery smooth muscle cells,tissue,,,,,,,,,,,,,,
BSK_CASM3C_LDLR_up,BSK,LDLR,vascular,coronary artery smooth muscle cells,tissue,,,,,,,,,,,,,,
BSK_CASM3C_MCP1_down,BSK,CCL2,vascular,coronary artery smooth muscle cells,tissue,,,,,,,,,,,,,,
BSK_CASM3C_MCP1_up,BSK,CCL2,vascular,coronary artery smooth muscle cells,tissue,,,,,,,,,,,,,,
BSK_CASM3C_MCSF_down,BSK,CSF1,vascular,coronary artery smooth muscle cells,tissue,,,,,,,,,,,,,,
BSK_CASM3C_MCSF_up,BSK,CSF1,vascular,coronary artery smooth muscle cells,tissue,,,,,,,,,,,,,,
BSK_CASM3C_MIG_down,BSK,CXCL9,vascular,coronary artery smooth muscle cells,tissue,,,,,,,,,,,,,,
BSK_CASM3C_MIG_up,BSK,CXCL9,vascular,coronary artery smooth muscle cells,tissue,,,,,,,,,,,,,,
BSK_CASM3C_Proliferation_down,BSK,NA,vascular,coronary artery smooth muscle cells,tissue,,,,,,,,,,,,,,
BSK_CASM3C_Proliferation_up,BSK,NA,vascular,coronary artery smooth muscle cells,tissue,,,,,,,,,,,,,,
BSK_CASM3C_SAA_down,BSK,SAA1,vascular,coronary artery smooth muscle cells,tissue,,,,,,,,,,,,,,
BSK_CASM3C_SAA_up,BSK,SAA1,vascular,coronary artery smooth muscle cells,tissue,,,,,,,,,,,,,,
BSK_CASM3C_SRB_down,BSK,NA,vascular,coronary artery smooth muscle cells,tissue,,,,,,,,,,,,,,
BSK_CASM3C_SRB_up,BSK,NA,vascular,coronary artery smooth muscle cells,tissue,,,,,,,,,,,,,,
BSK_CASM3C_Thrombomodulin_down,BSK,THBD,vascular,coronary artery smooth muscle cells,tissue,,,,,,,,,,,,,,
BSK_CASM3C_Thrombomodulin_up,BSK,THBD,vascular,coronary artery smooth muscle cells,tissue,,,,,,,,,,,,,,
BSK_CASM3C_TissueFactor_down,BSK,F3,vascular,coronary artery smooth muscle cells,tissue,,,,,,,,,,,,,,
BSK_CASM3C_TissueFactor_up,BSK,F3,vascular,coronary artery smooth muscle cells,tissue,,,,,,,,,,,,,,
BSK_CASM3C_uPAR_down,BSK,PLAUR,vascular,coronary artery smooth muscle cells,tissue,,,,,,,,,,,,,,
BSK_CASM3C_uPAR_up,BSK,PLAUR,vascular,coronary artery smooth muscle cells,tissue,,,,,,,,,,,,,,
BSK_CASM3C_VCAM1_down,BSK,VCAM1,vascular,coronary artery smooth muscle cells,tissue,,,,,,,,,,,,,,
BSK_CASM3C_VCAM1_up,BSK,VCAM1,vascular,coronary artery smooth muscle cells,tissue,,,,,,,,,,,,,,
BSK_hDFCGF_CollagenIII_down,BSK,COL3A1,skin,foreskin fibroblast,tissue,,,,,,,,,,,,,,
BSK_hDFCGF_CollagenIII_up,BSK,COL3A1,skin,foreskin fibroblast,tissue,,,,,,,,,,,,,,
BSK_hDFCGF_EGFR_down,BSK,EGFR,skin,foreskin fibroblast,tissue,,,,,,,,,,,,,,
BSK_hDFCGF_EGFR_up,BSK,EGFR,skin,foreskin fibroblast,tissue,,,,,,,,,,,,,,
BSK_hDFCGF_IL8_down,BSK,CXCL8,skin,foreskin fibroblast,tissue,,,,,,,,,,,,,,
BSK_hDFCGF_IL8_up,BSK,CXCL8,skin,foreskin fibroblast,tissue,,,,,,,,,,,,,,
BSK_hDFCGF_IP10_down,BSK,CXCL10,skin,foreskin fibroblast,tissue,,,,,,,,,,,,,,
BSK_hDFCGF_IP10_up,BSK,CXCL10,skin,foreskin fibroblast,tissue,,,,,,,,,,,,,,
BSK_hDFCGF_MCSF_down,BSK,CSF1,skin,foreskin fibroblast,tissue,,,,,,,,,,,,,,
BSK_hDFCGF_MCSF_up,BSK,CSF1,skin,foreskin fibroblast,tissue,,,,,,,,,,,,,,
BSK_hDFCGF_MIG_down,BSK,CXCL9,skin,foreskin fibroblast,tissue,,,,,,,,,,,,,,
BSK_hDFCGF_MIG_up,BSK,CXCL9,skin,foreskin fibroblast,tissue,,,,,,,,,,,,,,
BSK_hDFCGF_MMP1_down,BSK,MMP1,skin,foreskin fibroblast,tissue,,,,,,,,,,,,,,
BSK_hDFCGF_MMP1_up,BSK,MMP1,skin,foreskin fibroblast,tissue,,,,,,,,,,,,,,
BSK_hDFCGF_PAI1_down,BSK,SERPINE1,skin,foreskin fibroblast,tissue,,,,,,,,,,,,,,
BSK_hDFCGF_PAI1_up,BSK,SERPINE1,skin,foreskin fibroblast,tissue,,,,,,,,,,,,,,
BSK_hDFCGF_Proliferation_down,BSK,NA,skin,foreskin fibroblast,tissue,,,,,,,,,,,,,,
BSK_hDFCGF_Proliferation_up,BSK,NA,skin,foreskin fibroblast,tissue,,,,,,,,,,,,,,
BSK_hDFCGF_SRB_down,BSK,NA,skin,foreskin fibroblast,tissue,,,,,,,,,,,,,,
BSK_hDFCGF_SRB_up,BSK,NA,skin,foreskin fibroblast,tissue,,,,,,,,,,,,,,
BSK_hDFCGF_TIMP1_down,BSK,TIMP1,skin,foreskin fibroblast,tissue,,,,,,,,,,,,,,
BSK_hDFCGF_TIMP1_up,BSK,TIMP1,skin,foreskin fibroblast,tissue,,,,,,,,,,,,,,
BSK_hDFCGF_VCAM1_down,BSK,VCAM1,skin,foreskin fibroblast,tissue,,,,,,,,,,,,,,
BSK_hDFCGF_VCAM1_up,BSK,VCAM1,skin,foreskin fibroblast,tissue,,,,,,,,,,,,,,
BSK_KF3CT_ICAM1_down,BSK,ICAM1,skin,keratinocytes and foreskin fibroblasts,tissue,,,,,,,,,,,,,,
BSK_KF3CT_ICAM1_up,BSK,ICAM1,skin,keratinocytes and foreskin fibroblasts,tissue,,,,,,,,,,,,,,
BSK_KF3CT_IL1a_down,BSK,IL1A,skin,keratinocytes and foreskin fibroblasts,tissue,,,,,,,,,,,,,,
BSK_KF3CT_IL1a_up,BSK,IL1A,skin,keratinocytes and foreskin fibroblasts,tissue,,,,,,,,,,,,,,
BSK_KF3CT_IP10_down,BSK,CXCL10,skin,keratinocytes and foreskin fibroblasts,tissue,,,,,,,,,,,,,,
BSK_KF3CT_IP10_up,BSK,CXCL10,skin,keratinocytes and foreskin fibroblasts,tissue,,,,,,,,,,,,,,
BSK_KF3CT_MCP1_down,BSK,CCL2,skin,keratinocytes and foreskin fibroblasts,tissue,,,,,,,,,,,,,,
BSK_KF3CT_MCP1_up,BSK,CCL2,skin,keratinocytes and foreskin fibroblasts,tissue,,,,,,,,,,,,,,
BSK_KF3CT_MMP9_down,BSK,MMP9,skin,keratinocytes and foreskin fibroblasts,tissue,,,,,,,,,,,,,,
BSK_KF3CT_MMP9_up,BSK,MMP9,skin,keratinocytes and foreskin fibroblasts,tissue,,,,,,,,,,,,,,
BSK_KF3CT_SRB_down,BSK,NA,skin,keratinocytes and foreskin fibroblasts,tissue,,,,,,,,,,,,,,
BSK_KF3CT_SRB_up,BSK,NA,skin,keratinocytes and foreskin fibroblasts,tissue,,,,,,,,,,,,,,
BSK_KF3CT_TGFb1_down,BSK,TGFB1|TGFBR1,skin,keratinocytes and foreskin fibroblasts,tissue,,,,,,,,,,,,,,
BSK_KF3CT_TGFb1_up,BSK,TGFB1|TGFBR1,skin,keratinocytes and foreskin fibroblasts,tissue,,,,,,,,,,,,,,
BSK_KF3CT_TIMP2_down,BSK,TIMP2,skin,keratinocytes and foreskin fibroblasts,tissue,,,,,,,,,,,,,,
BSK_KF3CT_TIMP2_up,BSK,TIMP2,skin,keratinocytes and foreskin fibroblasts,tissue,,,,,,,,,,,,,,
BSK_KF3CT_uPA_down,BSK,PLAU,skin,keratinocytes and foreskin fibroblasts,tissue,,,,,,,,,,,,,,
BSK_KF3CT_uPA_up,BSK,PLAU,skin,keratinocytes and foreskin fibroblasts,tissue,,,,,,,,,,,,,,
BSK_LPS_CD40_down,BSK,CD40,vascular,umbilical vein endothelium and peripheral blood mononuclear cells,tissue,,,,,,,,,,,,,,
BSK_LPS_CD40_up,BSK,CD40,vascular,umbilical vein endothelium and peripheral blood mononuclear cells,tissue,,,,,,,,,,,,,,
BSK_LPS_Eselectin_down,BSK,SELE,vascular,umbilical vein endothelium and peripheral blood mononuclear cells,tissue,,,,,,,,,,,,,,
BSK_LPS_Eselectin_up,BSK,SELE,vascular,umbilical vein endothelium and peripheral blood mononuclear cells,tissue,,,,,,,,,,,,,,
BSK_LPS_IL1a_down,BSK,IL1A,vascular,umbilical vein endothelium and peripheral blood mononuclear cells,tissue,,,,,,,,,,,,,,
BSK_LPS_IL1a_up,BSK,IL1A,vascular,umbilical vein endothelium and peripheral blood mononuclear cells,tissue,,,,,,,,,,,,,,
BSK_LPS_IL8_down,BSK,CXCL8,vascular,umbilical vein endothelium and peripheral blood mononuclear cells,tissue,,,,,,,,,,,,,,
BSK_LPS_IL8_up,BSK,CXCL8,vascular,umbilical vein endothelium and peripheral blood mononuclear cells,tissue,,,,,,,,,,,,,,
BSK_LPS_MCP1_down,BSK,CCL2,vascular,umbilical vein endothelium and peripheral blood mononuclear cells,tissue,,,,,,,,,,,,,,
BSK_LPS_MCP1_up,BSK,CCL2,vascular,umbilical vein endothelium and peripheral blood mononuclear cells,tissue,,,,,,,,,,,,,,
BSK_LPS_MCSF_down,BSK,CSF1,vascular,umbilical vein endothelium and peripheral blood mononuclear cells,tissue,,,,,,,,,,,,,,
BSK_LPS_MCSF_up,BSK,CSF1,vascular,umbilical vein endothelium and peripheral blood mononuclear cells,tissue,,,,,,,,,,,,,,
BSK_LPS_PGE2_down,BSK,PTGER2,vascular,umbilical vein endothelium and peripheral blood mononuclear cells,tissue,,,,,,,,,,,,,,
BSK_LPS_PGE2_up,BSK,PTGER2,vascular,umbilical vein endothelium and peripheral blood mononuclear cells,tissue,,,,,,,,,,,,,,
BSK_LPS_SRB_down,BSK,NA,vascular,umbilical vein endothelium and peripheral blood mononuclear cells,tissue,,,,,,,,,,,,,,
BSK_LPS_SRB_up,BSK,NA,vascular,umbilical vein endothelium and peripheral blood mononuclear cells,tissue,,,,,,,,,,,,,,
BSK_LPS_TissueFactor_down,BSK,F3,vascular,umbilical vein endothelium and peripheral blood mononuclear cells,tissue,,,,,,,,,,,,,,
BSK_LPS_TissueFactor_up,BSK,F3,vascular,umbilical vein endothelium and peripheral blood mononuclear cells,tissue,,,,,,,,,,,,,,
BSK_LPS_TNFa_down,BSK,TNF,vascular,umbilical vein endothelium and peripheral blood mononuclear cells,tissue,,,,,,,,,,,,,,
BSK_LPS_TNFa_up,BSK,TNF,vascular,umbilical vein endothelium and peripheral blood mononuclear cells,tissue,,,,,,,,,,,,,,
BSK_LPS_VCAM1_down,BSK,VCAM1,vascular,umbilical vein endothelium and peripheral blood mononuclear cells,tissue,,,,,,,,,,,,,,
BSK_LPS_VCAM1_up,BSK,VCAM1,vascular,umbilical vein endothelium and peripheral blood mononuclear cells,tissue,,,,,,,,,,,,,,
BSK_SAg_CD38_down,BSK,CD38,vascular,umbilical vein endothelium and peripheral blood mononuclear cells,tissue,,,,,,,,,,,,,,
BSK_SAg_CD38_up,BSK,CD38,vascular,umbilical vein endothelium and peripheral blood mononuclear cells,tissue,,,,,,,,,,,,,,
BSK_SAg_CD40_down,BSK,CD40,vascular,umbilical vein endothelium and peripheral blood mononuclear cells,tissue,,,,,,,,,,,,,,
BSK_SAg_CD40_up,BSK,CD40,vascular,umbilical vein endothelium and peripheral blood mononuclear cells,tissue,,,,,,,,,,,,,,
BSK_SAg_CD69_down,BSK,CD69,vascular,umbilical vein endothelium and peripheral blood mononuclear cells,tissue,,,,,,,,,,,,,,
BSK_SAg_CD69_up,BSK,CD69,vascular,umbilical vein endothelium and peripheral blood mononuclear cells,tissue,,,,,,,,,,,,,,
BSK_SAg_Eselectin_down,BSK,SELE,vascular,umbilical vein endothelium and peripheral blood mononuclear cells,tissue,,,,,,,,,,,,,,
BSK_SAg_Eselectin_up,BSK,SELE,vascular,umbilical vein endothelium and peripheral blood mononuclear cells,tissue,,,,,,,,,,,,,,
BSK_SAg_IL8_down,BSK,CXCL8,vascular,umbilical vein endothelium and peripheral blood mononuclear cells,tissue,,,,,,,,,,,,,,
BSK_SAg_IL8_up,BSK,CXCL8,vascular,umbilical vein endothelium and peripheral blood mononuclear cells,tissue,,,,,,,,,,,,,,
BSK_SAg_MCP1_down,BSK,CCL2,vascular,umbilical vein endothelium and peripheral blood mononuclear cells,tissue,,,,,,,,,,,,,,
BSK_SAg_MCP1_up,BSK,CCL2,vascular,umbilical vein endothelium and peripheral blood mononuclear cells,tissue,,,,,,,,,,,,,,
BSK_SAg_MIG_down,BSK,CXCL9,vascular,umbilical vein endothelium and peripheral blood mononuclear cells,tissue,,,,,,,,,,,,,,
BSK_SAg_MIG_up,BSK,CXCL9,vascular,umbilical vein endothelium and peripheral blood mononuclear cells,tissue,,,,,,,,,,,,,,
BSK_SAg_PBMCCytotoxicity_down,BSK,NA,vascular,umbilical vein endothelium and peripheral blood mononuclear cells,tissue,,,,,,,,,,,,,,
BSK_SAg_PBMCCytotoxicity_up,BSK,NA,vascular,umbilical vein endothelium and peripheral blood mononuclear cells,tissue,,,,,,,,,,,,,,
BSK_SAg_Proliferation_down,BSK,NA,vascular,umbilical vein endothelium and peripheral blood mononuclear cells,tissue,,,,,,,,,,,,,,
BSK_SAg_Proliferation_up,BSK,NA,vascular,umbilical vein endothelium and peripheral blood mononuclear cells,tissue,,,,,,,,,,,,,,
BSK_SAg_SRB_down,BSK,NA,vascular,umbilical vein endothelium and peripheral blood mononuclear cells,tissue,,,,,,,,,,,,,,
BSK_SAg_SRB_up,BSK,NA,vascular,umbilical vein endothelium and peripheral blood mononuclear cells,tissue,,,,,,,,,,,,,,
CEETOX_H295R_11DCORT_dn,CEETOX,NR3C1|NR3C2,adrenal gland,H295R,gene target,,,,,,,,,,,,,,
CEETOX_H295R_11DCORT_noMTC_dn,CEETOX,NR3C1|NR3C2,adrenal gland,H295R,gene target,,,,,,,,,,,,,,
CEETOX_H295R_11DCORT_noMTC_up,CEETOX,NR3C1|NR3C2,adrenal gland,H295R,gene target,,,,,,,,,,,,,,
CEETOX_H295R_11DCORT_up,CEETOX,NR3C1|NR3C2,adrenal gland,H295R,gene target,,,,,,,,,,,,,,
CEETOX_H295R_ANDR_dn,CEETOX,AR|AR|AR|AR,adrenal gland,H295R,gene target,,,,,,,,,,,,,,
CEETOX_H295R_ANDR_noMTC_dn,CEETOX,AR|AR|AR|AR,adrenal gland,H295R,gene target,,,,,,,,,,,,,,
CEETOX_H295R_ANDR_noMTC_up,CEETOX,AR|AR|AR|AR,adrenal gland,H295R,gene target,,,,,,,,,,,,,,
CEETOX_H295R_ANDR_up,CEETOX,AR|AR|AR|AR,adrenal gland,H295R,gene target,,,,,,,,,,,,,,
CEETOX_H295R_CORTIC_dn,CEETOX,NR3C1|NR3C2,adrenal gland,H295R,gene target,,,,,,,,,,,,,,
CEETOX_H295R_CORTIC_noMTC_dn,CEETOX,NR3C1|NR3C2,adrenal gland,H295R,gene target,,,,,,,,,,,,,,
CEETOX_H295R_CORTIC_noMTC_up,CEETOX,NR3C1|NR3C2,adrenal gland,H295R,gene target,,,,,,,,,,,,,,
CEETOX_H295R_CORTIC_up,CEETOX,NR3C1|NR3C2,adrenal gland,H295R,gene target,,,,,,,,,,,,,,
CEETOX_H295R_CORTISOL_dn,CEETOX,NR3C1|NR3C2,adrenal gland,H295R,gene target,,,,,,,,,,,,,,
CEETOX_H295R_CORTISOL_noMTC_dn,CEETOX,NR3C1|NR3C2,adrenal gland,H295R,gene target,,,,,,,,,,,,,,
CEETOX_H295R_CORTISOL_up,CEETOX,NR3C1|NR3C2,adrenal gland,H295R,gene target,,,,,,,,,,,,,,
CEETOX_H295R_DOC_dn,CEETOX,NR3C1|NR3C2,adrenal gland,H295R,gene target,,,,,,,,,,,,,,
CEETOX_H295R_DOC_noMTC_dn,CEETOX,NR3C1|NR3C2,adrenal gland,H295R,gene target,,,,,,,,,,,,,,
CEETOX_H295R_DOC_noMTC_up,CEETOX,NR3C1|NR3C2,adrenal gland,H295R,gene target,,,,,,,,,,,,,,
CEETOX_H295R_DOC_up,CEETOX,NR3C1|NR3C2,adrenal gland,H295R,gene target,,,,,,,,,,,,,,
CEETOX_H295R_ESTRADIOL_dn,CEETOX,ESR1|ESR2|ESR1|ESR1|ESR1,adrenal gland,H295R,gene target,,,,,,,,,,,,,,
CEETOX_H295R_ESTRADIOL_noMTC_dn,CEETOX,ESR1|ESR2|ESR1|ESR1|ESR1,adrenal gland,H295R,gene target,,,,,,,,,,,,,,
CEETOX_H295R_ESTRADIOL_noMTC_up,CEETOX,ESR1|ESR2|ESR1|ESR1|ESR1,adrenal gland,H295R,gene target,,,,,,,,,,,,,,
CEETOX_H295R_ESTRADIOL_up,CEETOX,ESR1|ESR2|ESR1|ESR1|ESR1,adrenal gland,H295R,gene target,,,,,,,,,,,,,,
CEETOX_H295R_ESTRONE_dn,CEETOX,ESR1|ESR2|ESR1|ESR1|ESR1,adrenal gland,H295R,gene target,,,,,,,,,,,,,,
CEETOX_H295R_ESTRONE_noMTC_dn,CEETOX,ESR1|ESR2|ESR1|ESR1|ESR1,adrenal gland,H295R,gene target,,,,,,,,,,,,,,
CEETOX_H295R_ESTRONE_noMTC_up,CEETOX,ESR1|ESR2|ESR1|ESR1|ESR1,adrenal gland,H295R,gene target,,,,,,,,,,,,,,
CEETOX_H295R_ESTRONE_up,CEETOX,ESR1|ESR2|ESR1|ESR1|ESR1,adrenal gland,H295R,gene target,,,,,,,,,,,,,,
CEETOX_H295R_MTT_Cytotoxicity_dn,CEETOX,NA,adrenal gland,H295R,gene target,,,,,,,,,,,,,,
CEETOX_H295R_MTT_Cytotoxicity_up,CEETOX,NA,adrenal gland,H295R,gene target,,,,,,,,,,,,,,
CEETOX_H295R_OHPREG_dn,CEETOX,PGR,adrenal gland,H295R,gene target,,,,,,,,,,,,,,
CEETOX_H295R_OHPREG_noMTC_dn,CEETOX,NR1I2,adrenal gland,H295R,gene target,,,,,,,,,,,,,,
CEETOX_H295R_OHPREG_noMTC_up,CEETOX,NR1I2,adrenal gland,H295R,gene target,,,,,,,,,,,,,,
CEETOX_H295R_OHPREG_up,CEETOX,PGR,adrenal gland,H295R,gene target,,,,,,,,,,,,,,
CEETOX_H295R_OHPROG_dn,CEETOX,PGR,adrenal gland,H295R,gene target,,,,,,,,,,,,,,
CEETOX_H295R_OHPROG_noMTC_dn,CEETOX,NR1I2,adrenal gland,H295R,gene target,,,,,,,,,,,,,,
CEETOX_H295R_OHPROG_noMTC_up,CEETOX,NR1I2,adrenal gland,H295R,gene target,,,,,,,,,,,,,,
CEETOX_H295R_OHPROG_up,CEETOX,PGR,adrenal gland,H295R,gene target,,,,,,,,,,,,,,
CEETOX_H295R_PROG_dn,CEETOX,PGR|PGR,adrenal gland,H295R,gene target,,,,,,,,,,,,,,
CEETOX_H295R_PROG_noMTC_dn,CEETOX,PGR|PGR,adrenal gland,H295R,gene target,,,,,,,,,,,,,,
CEETOX_H295R_PROG_noMTC_up,CEETOX,PGR|PGR,adrenal gland,H295R,gene target,,,,,,,,,,,,,,
CEETOX_H295R_PROG_up,CEETOX,PGR|PGR,adrenal gland,H295R,gene target,,,,,,,,,,,,,,
CEETOX_H295R_TESTO_dn,CEETOX,AR|ESR1|AR|AR|ESR1|AR|ESR1,adrenal gland,H295R,gene target,,,,,,,,,,,,,,
CEETOX_H295R_TESTO_noMTC_dn,CEETOX,AR|ESR1|ESR2|ESR1|AR|AR|ESR1|AR|ESR1,adrenal gland,H295R,gene target,,,,,,,,,,,,,,
CEETOX_H295R_TESTO_noMTC_up,CEETOX,AR|ESR1|ESR2|ESR1|AR|AR|ESR1|AR|ESR1,adrenal gland,H295R,gene target,,,,,,,,,,,,,,
CEETOX_H295R_TESTO_up,CEETOX,AR|ESR1|AR|AR|ESR1|AR|ESR1,adrenal gland,H295R,gene target,,,,,,,,,,,,,,
CLD_ABCB1_24hr,CLD,ABCB1,liver,hepatocyte,tissue,,,,,,,,,,,,,,
CLD_ABCB1_48hr,CLD,ABCB1,liver,hepatocyte,tissue,,,,,,,,,,,,,,
CLD_ABCB1_6hr,CLD,ABCB1,liver,hepatocyte,tissue,,,,,,,,,,,,,,
CLD_ABCB11_24hr,CLD,ABCB11,liver,hepatocyte,tissue,,,,,,,,,,,,,,
CLD_ABCB11_48hr,CLD,ABCB11,liver,hepatocyte,tissue,,,,,,,,,,,,,,
CLD_ABCB11_6hr,CLD,ABCB11,liver,hepatocyte,tissue,,,,,,,,,,,,,,
CLD_ABCG2_24hr,CLD,ABCG2,liver,hepatocyte,tissue,,,,,,,,,,,,,,
CLD_ABCG2_48hr,CLD,ABCG2,liver,hepatocyte,tissue,,,,,,,,,,,,,,
CLD_ABCG2_6hr,CLD,ABCG2,liver,hepatocyte,tissue,,,,,,,,,,,,,,
CLD_ACTIN_24hr,CLD,ACTB|ACTA1|ACTG1,liver,hepatocyte,tissue,,,,,,,,,,,,,,
CLD_ACTIN_48hr,CLD,ACTB|ACTA1|ACTG1,liver,hepatocyte,tissue,,,,,,,,,,,,,,
CLD_ACTIN_6hr,CLD,ACTB|ACTA1|ACTG1,liver,hepatocyte,tissue,,,,,,,,,,,,,,
CLD_CYP1A1_24hr,CLD,CYP1A1,liver,hepatocyte,tissue,,,,,,,,,,,,,,
CLD_CYP1A1_48hr,CLD,CYP1A1,liver,hepatocyte,tissue,,,,,,,,,,,,,,
CLD_CYP1A1_6hr,CLD,CYP1A1,liver,hepatocyte,tissue,,,,,,,,,,,,,,
CLD_CYP1A2_24hr,CLD,CYP1A2,liver,hepatocyte,tissue,,,,,,,,,,,,,,
CLD_CYP1A2_48hr,CLD,CYP1A2,liver,hepatocyte,tissue,,,,,,,,,,,,,,
CLD_CYP1A2_6hr,CLD,CYP1A2,liver,hepatocyte,tissue,,,,,,,,,,,,,,
CLD_CYP2B6_24hr,CLD,CYP2B6,liver,hepatocyte,tissue,,,,,,,,,,,,,,
CLD_CYP2B6_48hr,CLD,CYP2B6,liver,hepatocyte,tissue,,,,,,,,,,,,,,
CLD_CYP2B6_6hr,CLD,CYP2B6,liver,hepatocyte,tissue,,,,,,,,,,,,,,
CLD_CYP2C19_24hr,CLD,CYP2C19,liver,hepatocyte,tissue,,,,,,,,,,,,,,
CLD_CYP2C19_48hr,CLD,CYP2C19,liver,hepatocyte,tissue,,,,,,,,,,,,,,
CLD_CYP2C19_6hr,CLD,CYP2C19,liver,hepatocyte,tissue,,,,,,,,,,,,,,
CLD_CYP2C9_24hr,CLD,CYP2C9,liver,hepatocyte,tissue,,,,,,,,,,,,,,
CLD_CYP2C9_48hr,CLD,CYP2C9,liver,hepatocyte,tissue,,,,,,,,,,,,,,
CLD_CYP2C9_6hr,CLD,CYP2C9,liver,hepatocyte,tissue,,,,,,,,,,,,,,
CLD_CYP3A4_24hr,CLD,CYP3A4,liver,hepatocyte,tissue,,,,,,,,,,,,,,
CLD_CYP3A4_48hr,CLD,CYP3A4,liver,hepatocyte,tissue,,,,,,,,,,,,,,
CLD_CYP3A4_6hr,CLD,CYP3A4,liver,hepatocyte,tissue,,,,,,,,,,,,,,
CLD_GAPDH_24hr,CLD,GAPDH,liver,hepatocyte,tissue,,,,,,,,,,,,,,
CLD_GAPDH_48hr,CLD,GAPDH,liver,hepatocyte,tissue,,,,,,,,,,,,,,
CLD_GAPDH_6hr,CLD,GAPDH,liver,hepatocyte,tissue,,,,,,,,,,,,,,
CLD_GSTA2_24hr,CLD,GSTA2,liver,hepatocyte,tissue,,,,,,,,,,,,,,
CLD_GSTA2_48hr,CLD,GSTA2,liver,hepatocyte,tissue,,,,,,,,,,,,,,
CLD_GSTA2_6hr,CLD,GSTA2,liver,hepatocyte,tissue,,,,,,,,,,,,,,
CLD_HMGCS2_24hr,CLD,HMGCS2,liver,hepatocyte,tissue,,,,,,,,,,,,,,
CLD_HMGCS2_48hr,CLD,HMGCS2,liver,hepatocyte,tissue,,,,,,,,,,,,,,
CLD_HMGCS2_6hr,CLD,HMGCS2,liver,hepatocyte,tissue,,,,,,,,,,,,,,
CLD_SLCO1B1_24hr,CLD,SLCO1B1,liver,hepatocyte,tissue,,,,,,,,,,,,,,
CLD_SLCO1B1_48hr,CLD,SLCO1B1,liver,hepatocyte,tissue,,,,,,,,,,,,,,
CLD_SLCO1B1_6hr,CLD,SLCO1B1,liver,hepatocyte,tissue,,,,,,,,,,,,,,
CLD_SULT2A_24hr,CLD,SULT2A1,liver,hepatocyte,tissue,,,,,,,,,,,,,,
CLD_SULT2A_48hr,CLD,SULT2A1,liver,hepatocyte,tissue,,,,,,,,,,,,,,
CLD_SULT2A_6hr,CLD,SULT2A1,liver,hepatocyte,tissue,,,,,,,,,,,,,,
CLD_UGT1A1_24hr,CLD,UGT1A1,liver,hepatocyte,tissue,,,,,,,,,,,,,,
CLD_UGT1A1_48hr,CLD,UGT1A1,liver,hepatocyte,tissue,,,,,,,,,,,,,,
CLD_UGT1A1_6hr,CLD,UGT1A1,liver,hepatocyte,tissue,,,,,,,,,,,,,,
NCCT_HEK293T_CellTiterGLO,NCCT,NA,kidney,HEK293T,viability,,,,,,,,,,,,,,
NCCT_TPO_AUR_dn,NCCT,TPO,thyroid gland,NA,tissue,,,,,,,,,,,,,,
NCCT_TPO_GUA_dn,NCCT,TPO,thyroid gland,NA,tissue,,,,,,,,,,,,,,
NHEERL_MED_hDIO1_dn,NHEERL_MED,DIO1,thyroid gland,NA,tissue,,,,,,,,,,,,,,
NHEERL_ZF_144hpf_TERATOSCORE_up,NHEERL_PADILLA,NA,ova,zebrafish embryo,none,,,,,,,,,,,,,,
NIS_HEK293T_CTG_Cytotoxicity,NHEERL_NIS,NA,kidney,HEK293T,viability,,,,,,,,,,,,,,
NIS_RAIU_inhibition,NHEERL_NIS,SLC5A5,kidney,HEK293T,gene target,,,,,,,,,,,,,,
NVS_ADME_hCYP19A1,NVS,CYP19A1,NA,NA,gene target,,,,,,,,,,,,,,
NVS_ADME_hCYP19A1_Activator,NVS,CYP19A1,NA,NA,none,,,,,,,,,,,,,,
NVS_ADME_hCYP1A1,NVS,CYP1A1,NA,NA,gene target,,,,,,,,,,,,,,
NVS_ADME_hCYP1A1_Activator,NVS,CYP1A1,NA,NA,none,,,,,,,,,,,,,,
NVS_ADME_hCYP1A2,NVS,CYP1A2,NA,NA,gene target,,,,,,,,,,,,,,
NVS_ADME_hCYP1A2_Activator,NVS,CYP1A2,NA,NA,none,,,,,,,,,,,,,,
NVS_ADME_hCYP1B1,NVS,CYP1B1,NA,NA,gene target,,,,,,,,,,,,,,
NVS_ADME_hCYP1B1_Activator,NVS,CYP1B1,NA,NA,none,,,,,,,,,,,,,,
NVS_ADME_hCYP2A6,NVS,CYP2A6,NA,NA,gene target,,,,,,,,,,,,,,
NVS_ADME_hCYP2A6_Activator,NVS,CYP2A6,NA,NA,none,,,,,,,,,,,,,,
NVS_ADME_hCYP2B6,NVS,CYP2B6,NA,NA,gene target,,,,,,,,,,,,,,
NVS_ADME_hCYP2B6_Activator,NVS,CYP2B6,NA,NA,none,,,,,,,,,,,,,,
NVS_ADME_hCYP2C18,NVS,CYP2C18,NA,NA,gene target,,,,,,,,,,,,,,
NVS_ADME_hCYP2C18_Activator,NVS,CYP2C18,NA,NA,none,,,,,,,,,,,,,,
NVS_ADME_hCYP2C19,NVS,CYP2C19,NA,NA,gene target,,,,,,,,,,,,,,
NVS_ADME_hCYP2C19_Activator,NVS,CYP2C19,NA,NA,none,,,,,,,,,,,,,,
NVS_ADME_hCYP2C8,NVS,CYP2C8,NA,NA,gene target,,,,,,,,,,,,,,
NVS_ADME_hCYP2C8_Activator,NVS,CYP2C8,NA,NA,none,,,,,,,,,,,,,,
NVS_ADME_hCYP2C9,NVS,CYP2C9,NA,NA,gene target,,,,,,,,,,,,,,
NVS_ADME_hCYP2C9_Activator,NVS,CYP2C9,NA,NA,none,,,,,,,,,,,,,,
NVS_ADME_hCYP2D6,NVS,CYP2D6,NA,NA,gene target,,,,,,,,,,,,,,
NVS_ADME_hCYP2D6_Activator,NVS,CYP2D6,NA,NA,none,,,,,,,,,,,,,,
NVS_ADME_hCYP2E1,NVS,CYP2E1,NA,NA,gene target,,,,,,,,,,,,,,
NVS_ADME_hCYP2E1_Activator,NVS,CYP2E1,NA,NA,none,,,,,,,,,,,,,,
NVS_ADME_hCYP2J2,NVS,CYP2J2,NA,NA,gene target,,,,,,,,,,,,,,
NVS_ADME_hCYP2J2_Activator,NVS,CYP2J2,NA,NA,none,,,,,,,,,,,,,,
NVS_ADME_hCYP3A4,NVS,CYP3A4,NA,NA,gene target,,,,,,,,,,,,,,
NVS_ADME_hCYP3A4_Activator,NVS,CYP3A4,NA,NA,none,,,,,,,,,,,,,,
NVS_ADME_hCYP3A5,NVS,CYP3A5,NA,NA,gene target,,,,,,,,,,,,,,
NVS_ADME_hCYP3A5_Activator,NVS,CYP3A5,NA,NA,none,,,,,,,,,,,,,,
NVS_ADME_hCYP4F12,NVS,CYP4F12,NA,NA,gene target,,,,,,,,,,,,,,
NVS_ADME_hCYP4F12_Activator,NVS,CYP4F12,NA,NA,none,,,,,,,,,,,,,,
NVS_ADME_rCYP1A1,NVS,CYP1A1,NA,NA,gene target,,,,,,,,,,,,,,
NVS_ADME_rCYP1A1_Activator,NVS,CYP1A1,NA,NA,none,,,,,,,,,,,,,,
NVS_ADME_rCYP1A2,NVS,CYP1A2,NA,NA,gene target,,,,,,,,,,,,,,
NVS_ADME_rCYP1A2_Activator,NVS,CYP1A2,NA,NA,none,,,,,,,,,,,,,,
NVS_ADME_rCYP2C11,NVS,CYP2C11,NA,NA,gene target,,,,,,,,,,,,,,
NVS_ADME_rCYP2C11_Activator,NVS,CYP2C11,NA,NA,none,,,,,,,,,,,,,,
NVS_ADME_rCYP2C6,NVS,CYP2C6V1,NA,NA,gene target,,,,,,,,,,,,,,
NVS_ADME_rCYP2C6_Activator,NVS,CYP2C6V1,NA,NA,none,,,,,,,,,,,,,,
NVS_ADME_rCYP2E1,NVS,CYP2E1,NA,NA,gene target,,,,,,,,,,,,,,
NVS_ADME_rCYP2E1_Activator,NVS,CYP2E1,NA,NA,none,,,,,,,,,,,,,,
NVS_ADME_rCYP3A1,NVS,CYP3A23/3A1,NA,NA,gene target,,,,,,,,,,,,,,
NVS_ADME_rCYP3A1_Activator,NVS,CYP3A23/3A1,NA,NA,none,,,,,,,,,,,,,,
NVS_ENZ_hAbl,NVS,ABL1,NA,NA,gene target,,,,,,,,,,,,,,
NVS_ENZ_hAbl_Activator,NVS,ABL1,NA,NA,none,,,,,,,,,,,,,,
NVS_ENZ_hAChE,NVS,ACHE,NA,NA,gene target,,,,,,,,,,,,,,
NVS_ENZ_hAChE_Activator,NVS,ACHE,NA,NA,none,,,,,,,,,,,,,,
NVS_ENZ_hACP1,NVS,ACP1,NA,NA,gene target,,,,,,,,,,,,,,
NVS_ENZ_hACP1_Activator,NVS,ACP1,NA,NA,none,,,,,,,,,,,,,,
NVS_ENZ_hAKT1,NVS,AKT1,NA,NA,gene target,,,,,,,,,,,,,,
NVS_ENZ_hAKT1_Activator,NVS,AKT1,NA,NA,none,,,,,,,,,,,,,,
NVS_ENZ_hAKT2,NVS,AKT2,NA,NA,gene target,,,,,,,,,,,,,,
NVS_ENZ_hAKT2_Activator,NVS,AKT2,NA,NA,none,,,,,,,,,,,,,,
NVS_ENZ_hAKT3,NVS,AKT3,NA,NA,gene target,,,,,,,,,,,,,,
NVS_ENZ_hAKT3_Activator,NVS,AKT3,NA,NA,none,,,,,,,,,,,,,,
NVS_ENZ_hAMPKa1,NVS,PRKAA1,NA,NA,gene target,,,,,,,,,,,,,,
NVS_ENZ_hAMPKa1_Activator,NVS,PRKAA1,NA,NA,none,,,,,,,,,,,,,,
NVS_ENZ_hAurA,NVS,AURKA,NA,NA,gene target,,,,,,,,,,,,,,
NVS_ENZ_hAurA_Activator,NVS,AURKA,NA,NA,none,,,,,,,,,,,,,,
NVS_ENZ_hBACE,NVS,BACE1,NA,NA,gene target,,,,,,,,,,,,,,
NVS_ENZ_hBACE_Activator,NVS,BACE1,NA,NA,none,,,,,,,,,,,,,,
NVS_ENZ_hBTK,NVS,BTK,NA,NA,gene target,,,,,,,,,,,,,,
NVS_ENZ_hBTK_Activator,NVS,BTK,NA,NA,none,,,,,,,,,,,,,,
NVS_ENZ_hCASP1,NVS,CASP1,NA,NA,gene target,,,,,,,,,,,,,,
NVS_ENZ_hCASP1_Activator,NVS,CASP1,NA,NA,none,,,,,,,,,,,,,,
NVS_ENZ_hCASP10,NVS,CASP10,NA,NA,gene target,,,,,,,,,,,,,,
NVS_ENZ_hCASP10_Activator,NVS,CASP10,NA,NA,none,,,,,,,,,,,,,,
NVS_ENZ_hCASP2,NVS,CASP2,NA,NA,gene target,,,,,,,,,,,,,,
NVS_ENZ_hCASP2_Activator,NVS,CASP2,NA,NA,none,,,,,,,,,,,,,,
NVS_ENZ_hCASP3,NVS,CASP3,NA,NA,gene target,,,,,,,,,,,,,,
NVS_ENZ_hCASP3_Activator,NVS,CASP3,NA,NA,none,,,,,,,,,,,,,,
NVS_ENZ_hCASP4,NVS,CASP4,NA,NA,gene target,,,,,,,,,,,,,,
NVS_ENZ_hCASP4_Activator,NVS,CASP4,NA,NA,none,,,,,,,,,,,,,,
NVS_ENZ_hCASP5,NVS,CASP5,NA,NA,gene target,,,,,,,,,,,,,,
NVS_ENZ_hCASP5_Activator,NVS,CASP5,NA,NA,none,,,,,,,,,,,,,,
NVS_ENZ_hCASP8,NVS,CASP8,NA,NA,gene target,,,,,,,,,,,,,,
NVS_ENZ_hCASP8_Activator,NVS,CASP8,NA,NA,none,,,,,,,,,,,,,,
NVS_ENZ_hCDK2,NVS,CDK2,NA,NA,gene target,,,,,,,,,,,,,,
NVS_ENZ_hCDK2_Activator,NVS,CDK2,NA,NA,none,,,,,,,,,,,,,,
NVS_ENZ_hCDK6,NVS,CDK6,NA,NA,gene target,,,,,,,,,,,,,,
NVS_ENZ_hCDK6_Activator,NVS,CDK6,NA,NA,none,,,,,,,,,,,,,,
NVS_ENZ_hCHK1,NVS,CHEK1,NA,NA,gene target,,,,,,,,,,,,,,
NVS_ENZ_hCHK1_Activator,NVS,CHEK1,NA,NA,none,,,,,,,,,,,,,,
NVS_ENZ_hCK1a,NVS,CSNK1A1,NA,NA,gene target,,,,,,,,,,,,,,
NVS_ENZ_hCK1a_Activator,NVS,CSNK1A1,NA,NA,none,,,,,,,,,,,,,,
NVS_ENZ_hCK1D,NVS,CSNK1D,NA,NA,gene target,,,,,,,,,,,,,,
NVS_ENZ_hCK1D_Activator,NVS,CSNK1D,NA,NA,none,,,,,,,,,,,,,,
NVS_ENZ_hCK2a2b2,NVS,CSNK2A1,NA,NA,gene target,,,,,,,,,,,,,,
NVS_ENZ_hCK2a2b2_Activator,NVS,CSNK2A1,NA,NA,none,,,,,,,,,,,,,,
NVS_ENZ_hCSF1R,NVS,CSF1R,NA,NA,gene target,,,,,,,,,,,,,,
NVS_ENZ_hCSF1R_Activator,NVS,CSF1R,NA,NA,none,,,,,,,,,,,,,,
NVS_ENZ_hDUSP3,NVS,DUSP3,NA,NA,gene target,,,,,,,,,,,,,,
NVS_ENZ_hDUSP3_Activator,NVS,DUSP3,NA,NA,none,,,,,,,,,,,,,,
NVS_ENZ_hDYRK1a,NVS,DYRK1A,NA,NA,gene target,,,,,,,,,,,,,,
NVS_ENZ_hDYRK1a_Activator,NVS,DYRK1A,NA,NA,none,,,,,,,,,,,,,,
NVS_ENZ_hEGFR,NVS,EGFR,NA,NA,gene target,,,,,,,,,,,,,,
NVS_ENZ_hEGFR_Activator,NVS,EGFR,NA,NA,none,,,,,,,,,,,,,,
NVS_ENZ_hElastase,NVS,ELANE,NA,NA,gene target,,,,,,,,,,,,,,
NVS_ENZ_hElastase_Activator,NVS,ELANE,NA,NA,none,,,,,,,,,,,,,,
NVS_ENZ_hEphA1,NVS,EPHA1,NA,NA,gene target,,,,,,,,,,,,,,
NVS_ENZ_hEphA1_Activator,NVS,EPHA1,NA,NA,none,,,,,,,,,,,,,,
NVS_ENZ_hEphA2,NVS,EPHA2,NA,NA,gene target,,,,,,,,,,,,,,
NVS_ENZ_hEphA2_Activator,NVS,EPHA2,NA,NA,none,,,,,,,,,,,,,,
NVS_ENZ_hEphB1,NVS,EPHB1,NA,NA,gene target,,,,,,,,,,,,,,
NVS_ENZ_hEphB1_Activator,NVS,EPHB1,NA,NA,none,,,,,,,,,,,,,,
NVS_ENZ_hEphB2,NVS,EPHB2,NA,NA,gene target,,,,,,,,,,,,,,
NVS_ENZ_hEphB2_Activator,NVS,EPHB2,NA,NA,none,,,,,,,,,,,,,,
NVS_ENZ_hES,NVS,BCHE,NA,NA,gene target,,,,,,,,,,,,,,
NVS_ENZ_hES_Activator,NVS,BCHE,NA,NA,none,,,,,,,,,,,,,,
NVS_ENZ_hFGFR1,NVS,FGFR1,NA,NA,gene target,,,,,,,,,,,,,,
NVS_ENZ_hFGFR1_Activator,NVS,FGFR1,NA,NA,none,,,,,,,,,,,,,,
NVS_ENZ_hFGFR3,NVS,FGFR3,NA,NA,gene target,,,,,,,,,,,,,,
NVS_ENZ_hFGFR3_Activator,NVS,FGFR3,NA,NA,none,,,,,,,,,,,,,,
NVS_ENZ_hFyn,NVS,FYN,NA,NA,gene target,,,,,,,,,,,,,,
NVS_ENZ_hFyn_Activator,NVS,FYN,NA,NA,none,,,,,,,,,,,,,,
NVS_ENZ_hGSK3b,NVS,GSK3B,NA,NA,gene target,,,,,,,,,,,,,,
NVS_ENZ_hGSK3b_Activator,NVS,GSK3B,NA,NA,none,,,,,,,,,,,,,,
NVS_ENZ_hHDAC3,NVS,HDAC3,NA,NA,gene target,,,,,,,,,,,,,,
NVS_ENZ_hHDAC3_Activator,NVS,HDAC3,NA,NA,none,,,,,,,,,,,,,,
NVS_ENZ_hHDAC6,NVS,HDAC6,NA,NA,gene target,,,,,,,,,,,,,,
NVS_ENZ_hHDAC6_Activator,NVS,HDAC6,NA,NA,none,,,,,,,,,,,,,,
NVS_ENZ_hIGF1R,NVS,IGF1R,NA,NA,gene target,,,,,,,,,,,,,,
NVS_ENZ_hIGF1R_Activator,NVS,IGF1R,NA,NA,none,,,,,,,,,,,,,,
NVS_ENZ_hIKKa,NVS,CHUK,NA,NA,gene target,,,,,,,,,,,,,,
NVS_ENZ_hIKKa_Activator,NVS,CHUK,NA,NA,none,,,,,,,,,,,,,,
NVS_ENZ_hInsR,NVS,INSR,NA,NA,gene target,,,,,,,,,,,,,,
NVS_ENZ_hInsR_Activator,NVS,INSR,NA,NA,none,,,,,,,,,,,,,,
NVS_ENZ_hIRAK4,NVS,IRAK4,NA,NA,gene target,,,,,,,,,,,,,,
NVS_ENZ_hIRAK4_Activator,NVS,IRAK4,NA,NA,none,,,,,,,,,,,,,,
NVS_ENZ_hJak2,NVS,JAK2,NA,NA,gene target,,,,,,,,,,,,,,
NVS_ENZ_hJak2_Activator,NVS,JAK2,NA,NA,none,,,,,,,,,,,,,,
NVS_ENZ_hJNK2,NVS,MAPK9,NA,NA,gene target,,,,,,,,,,,,,,
NVS_ENZ_hJNK2_Activator,NVS,MAPK9,NA,NA,none,,,,,,,,,,,,,,
NVS_ENZ_hLck,NVS,LCK,NA,NA,gene target,,,,,,,,,,,,,,
NVS_ENZ_hLck_Activator,NVS,LCK,NA,NA,none,,,,,,,,,,,,,,
NVS_ENZ_hLynA,NVS,LYN,NA,NA,gene target,,,,,,,,,,,,,,
NVS_ENZ_hLynA_Activator,NVS,LYN,NA,NA,none,,,,,,,,,,,,,,
NVS_ENZ_hLynB,NVS,LYN,NA,NA,gene target,,,,,,,,,,,,,,
NVS_ENZ_hLynB_Activator,NVS,LYN,NA,NA,none,,,,,,,,,,,,,,
NVS_ENZ_hMAPK1,NVS,MAPK1,NA,NA,gene target,,,,,,,,,,,,,,
NVS_ENZ_hMAPK1_Activator,NVS,MAPK1,NA,NA,none,,,,,,,,,,,,,,
NVS_ENZ_hMAPK11,NVS,MAPK11,NA,NA,gene target,,,,,,,,,,,,,,
NVS_ENZ_hMAPK11_Activator,NVS,MAPK11,NA,NA,none,,,,,,,,,,,,,,
NVS_ENZ_hMAPK3,NVS,MAPK3,NA,NA,gene target,,,,,,,,,,,,,,
NVS_ENZ_hMAPK3_Activator,NVS,MAPK3,NA,NA,none,,,,,,,,,,,,,,
NVS_ENZ_hMAPKAPK2,NVS,MAPKAPK2,NA,NA,gene target,,,,,,,,,,,,,,
NVS_ENZ_hMAPKAPK2_Activator,NVS,MAPKAPK2,NA,NA,none,,,,,,,,,,,,,,
NVS_ENZ_hMAPKAPK5,NVS,MAPKAPK5,NA,NA,gene target,,,,,,,,,,,,,,
NVS_ENZ_hMAPKAPK5_Activator,NVS,MAPKAPK5,NA,NA,none,,,,,,,,,,,,,,
NVS_ENZ_hMARK1,NVS,MARK1,NA,NA,gene target,,,,,,,,,,,,,,
NVS_ENZ_hMARK1_Activator,NVS,MARK1,NA,NA,none,,,,,,,,,,,,,,
NVS_ENZ_hMet,NVS,MET,NA,NA,gene target,,,,,,,,,,,,,,
NVS_ENZ_hMet_Activator,NVS,MET,NA,NA,none,,,,,,,,,,,,,,
NVS_ENZ_hMMP1,NVS,MMP1,NA,NA,gene target,,,,,,,,,,,,,,
NVS_ENZ_hMMP1_Activator,NVS,MMP1,NA,NA,none,,,,,,,,,,,,,,
NVS_ENZ_hMMP13,NVS,MMP13,NA,NA,gene target,,,,,,,,,,,,,,
NVS_ENZ_hMMP13_Activator,NVS,MMP13,NA,NA,none,,,,,,,,,,,,,,
NVS_ENZ_hMMP2,NVS,MMP2,NA,NA,gene target,,,,,,,,,,,,,,
NVS_ENZ_hMMP2_Activator,NVS,MMP2,NA,NA,none,,,,,,,,,,,,,,
NVS_ENZ_hMMP3,NVS,MMP3,NA,NA,gene target,,,,,,,,,,,,,,
NVS_ENZ_hMMP3_Activator,NVS,MMP3,NA,NA,none,,,,,,,,,,,,,,
NVS_ENZ_hMMP7,NVS,MMP7,NA,NA,gene target,,,,,,,,,,,,,,
NVS_ENZ_hMMP7_Activator,NVS,MMP7,NA,NA,none,,,,,,,,,,,,,,
NVS_ENZ_hMMP9,NVS,MMP9,NA,NA,gene target,,,,,,,,,,,,,,
NVS_ENZ_hMMP9_Activator,NVS,MMP9,NA,NA,none,,,,,,,,,,,,,,
NVS_ENZ_hMsk1,NVS,RPS6KA5,NA,NA,gene target,,,,,,,,,,,,,,
NVS_ENZ_hMsk1_Activator,NVS,RPS6KA5,NA,NA,none,,,,,,,,,,,,,,
NVS_ENZ_hNEK2,NVS,NEK2,NA,NA,gene target,,,,,,,,,,,,,,
NVS_ENZ_hNEK2_Activator,NVS,NEK2,NA,NA,none,,,,,,,,,,,,,,
NVS_ENZ_hPAK2,NVS,PAK2,NA,NA,gene target,,,,,,,,,,,,,,
NVS_ENZ_hPAK2_Activator,NVS,PAK2,NA,NA,none,,,,,,,,,,,,,,
NVS_ENZ_hPAK4,NVS,PAK4,NA,NA,gene target,,,,,,,,,,,,,,
NVS_ENZ_hPAK4_Activator,NVS,PAK4,NA,NA,none,,,,,,,,,,,,,,
NVS_ENZ_hPDE10,NVS,PDE10A,NA,NA,gene target,,,,,,,,,,,,,,
NVS_ENZ_hPDE10_Activator,NVS,PDE10A,NA,NA,none,,,,,,,,,,,,,,
NVS_ENZ_hPDE1A1,NVS,PDE1A,NA,NA,gene target,,,,,,,,,,,,,,
NVS_ENZ_hPDE1A1_Activator,NVS,PDE1A,NA,NA,none,,,,,,,,,,,,,,
NVS_ENZ_hPDE1B1,NVS,PDE1B,NA,NA,gene target,,,,,,,,,,,,,,
NVS_ENZ_hPDE1B1_Activator,NVS,PDE1B,NA,NA,none,,,,,,,,,,,,,,
NVS_ENZ_hPDE2A,NVS,PDE2A,NA,NA,gene target,,,,,,,,,,,,,,
NVS_ENZ_hPDE2A_Activator,NVS,PDE2A,NA,NA,none,,,,,,,,,,,,,,
NVS_ENZ_hPDE3A,NVS,PDE3A,NA,NA,gene target,,,,,,,,,,,,,,
NVS_ENZ_hPDE3A_Activator,NVS,PDE3A,NA,NA,none,,,,,,,,,,,,,,
NVS_ENZ_hPDE4A1,NVS,PDE4A,NA,NA,gene target,,,,,,,,,,,,,,
NVS_ENZ_hPDE4A1_Activator,NVS,PDE4A,NA,NA,none,,,,,,,,,,,,,,
NVS_ENZ_hPDE4B1,NVS,PDE4B,NA,NA,gene target,,,,,,,,,,,,,,
NVS_ENZ_hPDE4B1_Activator,NVS,PDE4B,NA,NA,none,,,,,,,,,,,,,,
NVS_ENZ_hPDE4C1,NVS,PDE4C,NA,NA,gene target,,,,,,,,,,,,,,
NVS_ENZ_hPDE4C1_Activator,NVS,PDE4C,NA,NA,none,,,,,,,,,,,,,,
NVS_ENZ_hPDE4D3,NVS,PDE4D,NA,NA,gene target,,,,,,,,,,,,,,
NVS_ENZ_hPDE4D3_Activator,NVS,PDE4D,NA,NA,none,,,,,,,,,,,,,,
NVS_ENZ_hPDE5,NVS,PDE5A,NA,NA,gene target,,,,,,,,,,,,,,
NVS_ENZ_hPDE5_Activator,NVS,PDE5A,NA,NA,none,,,,,,,,,,,,,,
NVS_ENZ_hPDE7A,NVS,PDE7A,NA,NA,gene target,,,,,,,,,,,,,,
NVS_ENZ_hPDE7A_Activator,NVS,PDE7A,NA,NA,none,,,,,,,,,,,,,,
NVS_ENZ_hPDE8A1,NVS,PDE8A,NA,NA,gene target,,,,,,,,,,,,,,
NVS_ENZ_hPDE8A1_Activator,NVS,PDE8A,NA,NA,none,,,,,,,,,,,,,,
NVS_ENZ_hPDE9A2,NVS,PDE9A,NA,NA,gene target,,,,,,,,,,,,,,
NVS_ENZ_hPDE9A2_Activator,NVS,PDE9A,NA,NA,none,,,,,,,,,,,,,,
NVS_ENZ_hPI3Ka,NVS,PIK3CA,NA,NA,gene target,,,,,,,,,,,,,,
NVS_ENZ_hPI3Ka_Activator,NVS,PIK3CA,NA,NA,none,,,,,,,,,,,,,,
NVS_ENZ_hPKA,NVS,PRKACA,NA,NA,gene target,,,,,,,,,,,,,,
NVS_ENZ_hPKA_Activator,NVS,PRKACA,NA,NA,none,,,,,,,,,,,,,,
NVS_ENZ_hPKCz,NVS,PRKCZ,NA,NA,gene target,,,,,,,,,,,,,,
NVS_ENZ_hPKCz_Activator,NVS,PRKCZ,NA,NA,none,,,,,,,,,,,,,,
NVS_ENZ_hPKD2,NVS,PRKD2,NA,NA,gene target,,,,,,,,,,,,,,
NVS_ENZ_hPKD2_Activator,NVS,PRKD2,NA,NA,none,,,,,,,,,,,,,,
NVS_ENZ_hPPM1A,NVS,PPM1A,NA,NA,gene target,,,,,,,,,,,,,,
NVS_ENZ_hPPM1A_Activator,NVS,PPM1A,NA,NA,none,,,,,,,,,,,,,,
NVS_ENZ_hPPP1CA,NVS,PPP1CA,NA,NA,gene target,,,,,,,,,,,,,,
NVS_ENZ_hPPP1CA_Activator,NVS,PPP1CA,NA,NA,none,,,,,,,,,,,,,,
NVS_ENZ_hPPP2CA,NVS,PPP2CA,NA,NA,gene target,,,,,,,,,,,,,,
NVS_ENZ_hPPP2CA_Activator,NVS,PPP2CA,NA,NA,none,,,,,,,,,,,,,,
NVS_ENZ_hPPP3CA,NVS,PPP3CA,NA,NA,gene target,,,,,,,,,,,,,,
NVS_ENZ_hPTEN,NVS,PTEN,NA,NA,gene target,,,,,,,,,,,,,,
NVS_ENZ_hPTEN_Activator,NVS,PTEN,NA,NA,none,,,,,,,,,,,,,,
NVS_ENZ_hPTPN1,NVS,PTPN1,NA,NA,gene target,,,,,,,,,,,,,,
NVS_ENZ_hPTPN1_Activator,NVS,PTPN1,NA,NA,none,,,,,,,,,,,,,,
NVS_ENZ_hPTPN11,NVS,PTPN11,NA,NA,gene target,,,,,,,,,,,,,,
NVS_ENZ_hPTPN11_Activator,NVS,PTPN11,NA,NA,none,,,,,,,,,,,,,,
NVS_ENZ_hPTPN12,NVS,PTPN12,NA,NA,gene target,,,,,,,,,,,,,,
NVS_ENZ_hPTPN12_Activator,NVS,PTPN12,NA,NA,none,,,,,,,,,,,,,,
NVS_ENZ_hPTPN13,NVS,PTPN13,NA,NA,gene target,,,,,,,,,,,,,,
NVS_ENZ_hPTPN13_Activator,NVS,PTPN13,NA,NA,none,,,,,,,,,,,,,,
NVS_ENZ_hPTPN14,NVS,PTPN14,NA,NA,gene target,,,,,,,,,,,,,,
NVS_ENZ_hPTPN14_Activator,NVS,PTPN14,NA,NA,none,,,,,,,,,,,,,,
NVS_ENZ_hPTPN2,NVS,PTPN2,NA,NA,gene target,,,,,,,,,,,,,,
NVS_ENZ_hPTPN2_Activator,NVS,PTPN2,NA,NA,none,,,,,,,,,,,,,,
NVS_ENZ_hPTPN4,NVS,PTPN4,NA,NA,gene target,,,,,,,,,,,,,,
NVS_ENZ_hPTPN4_Activator,NVS,PTPN4,NA,NA,none,,,,,,,,,,,,,,
NVS_ENZ_hPTPN6,NVS,PTPN6,NA,NA,gene target,,,,,,,,,,,,,,
NVS_ENZ_hPTPN6_Activator,NVS,PTPN6,NA,NA,none,,,,,,,,,,,,,,
NVS_ENZ_hPTPN9,NVS,PTPN9,NA,NA,gene target,,,,,,,,,,,,,,
NVS_ENZ_hPTPN9_Activator,NVS,PTPN9,NA,NA,none,,,,,,,,,,,,,,
NVS_ENZ_hPTPRB,NVS,PTPRB,NA,NA,gene target,,,,,,,,,,,,,,
NVS_ENZ_hPTPRB_Activator,NVS,PTPRB,NA,NA,none,,,,,,,,,,,,,,
NVS_ENZ_hPTPRC,NVS,PTPRC,NA,NA,gene target,,,,,,,,,,,,,,
NVS_ENZ_hPTPRC_Activator,NVS,PTPRC,NA,NA,none,,,,,,,,,,,,,,
NVS_ENZ_hPTPRF,NVS,PTPRF,NA,NA,gene target,,,,,,,,,,,,,,
NVS_ENZ_hPTPRF_Activator,NVS,PTPRF,NA,NA,none,,,,,,,,,,,,,,
NVS_ENZ_hPTPRM,NVS,PTPRM,NA,NA,gene target,,,,,,,,,,,,,,
NVS_ENZ_hPTPRM_Activator,NVS,PTPRM,NA,NA,none,,,,,,,,,,,,,,
NVS_ENZ_hRAF1,NVS,RAF1,NA,NA,gene target,,,,,,,,,,,,,,
NVS_ENZ_hRAF1_Activator,NVS,RAF1,NA,NA,none,,,,,,,,,,,,,,
NVS_ENZ_hROCK1,NVS,ROCK1,NA,NA,gene target,,,,,,,,,,,,,,
NVS_ENZ_hROCK1_Activator,NVS,ROCK1,NA,NA,none,,,,,,,,,,,,,,
NVS_ENZ_hSGK1,NVS,SGK1,NA,NA,gene target,,,,,,,,,,,,,,
NVS_ENZ_hSGK1_Activator,NVS,SGK1,NA,NA,none,,,,,,,,,,,,,,
NVS_ENZ_hSIRT1,NVS,SIRT1,NA,NA,gene target,,,,,,,,,,,,,,
NVS_ENZ_hSIRT1_Activator,NVS,SIRT1,NA,NA,none,,,,,,,,,,,,,,
NVS_ENZ_hSIRT2,NVS,SIRT2,NA,NA,gene target,,,,,,,,,,,,,,
NVS_ENZ_hSIRT2_Activator,NVS,SIRT2,NA,NA,none,,,,,,,,,,,,,,
NVS_ENZ_hSIRT3,NVS,SIRT3,NA,NA,gene target,,,,,,,,,,,,,,
NVS_ENZ_hSIRT3_Activator,NVS,SIRT3,NA,NA,none,,,,,,,,,,,,,,
NVS_ENZ_hSRC,NVS,SRC,NA,NA,gene target,,,,,,,,,,,,,,
NVS_ENZ_hSRC_Activator,NVS,SRC,NA,NA,none,,,,,,,,,,,,,,
NVS_ENZ_hSyk,NVS,SYK,NA,NA,gene target,,,,,,,,,,,,,,
NVS_ENZ_hSyk_Activator,NVS,SYK,NA,NA,none,,,,,,,,,,,,,,
NVS_ENZ_hTie2,NVS,TEK,NA,NA,gene target,,,,,,,,,,,,,,
NVS_ENZ_hTie2_Activator,NVS,TEK,NA,NA,none,,,,,,,,,,,,,,
NVS_ENZ_hTrkA,NVS,NTRK1,NA,NA,gene target,,,,,,,,,,,,,,
NVS_ENZ_hTrkA_Activator,NVS,NTRK1,NA,NA,none,,,,,,,,,,,,,,
NVS_ENZ_hVEGFR1,NVS,FLT1,NA,NA,gene target,,,,,,,,,,,,,,
NVS_ENZ_hVEGFR1_Activator,NVS,FLT1,NA,NA,none,,,,,,,,,,,,,,
NVS_ENZ_hVEGFR2,NVS,KDR,NA,NA,gene target,,,,,,,,,,,,,,
NVS_ENZ_hVEGFR2_Activator,NVS,KDR,NA,NA,none,,,,,,,,,,,,,,
NVS_ENZ_hVEGFR3,NVS,FLT4,NA,NA,gene target,,,,,,,,,,,,,,
NVS_ENZ_hVEGFR3_Activator,NVS,FLT4,NA,NA,none,,,,,,,,,,,,,,
NVS_ENZ_hZAP70,NVS,ZAP70,NA,NA,gene target,,,,,,,,,,,,,,
NVS_ENZ_hZAP70_Activator,NVS,ZAP70,NA,NA,none,,,,,,,,,,,,,,
NVS_ENZ_oCOX1,NVS,PTGS1,testis,NA,gene target,,,,,,,,,,,,,,
NVS_ENZ_oCOX1_Activator,NVS,PTGS1,testis,NA,none,,,,,,,,,,,,,,
NVS_ENZ_oCOX2,NVS,PTGS2,uterus,NA,gene target,,,,,,,,,,,,,,
NVS_ENZ_oCOX2_Activator,NVS,PTGS2,uterus,NA,none,,,,,,,,,,,,,,
NVS_ENZ_pMTHFR,NVS,MTHFR,kidney,NA,gene target,,,,,,,,,,,,,,
NVS_ENZ_pMTHFR_Activator,NVS,MTHFR,kidney,NA,none,,,,,,,,,,,,,,
NVS_ENZ_rabI2C,NVS,CKB,brain,NA,gene target,,,,,,,,,,,,,,
NVS_ENZ_rabI2C_Activator,NVS,CKB,brain,NA,none,,,,,,,,,,,,,,
NVS_ENZ_rACFSKBinding,NVS,ADCY5,brain,NA,gene target,,,,,,,,,,,,,,
NVS_ENZ_rACFSKBinding_Activator,NVS,ADCY5,brain,NA,none,,,,,,,,,,,,,,
NVS_ENZ_rAChE,NVS,ACHE,brain,NA,gene target,,,,,,,,,,,,,,
NVS_ENZ_rAChE_Activator,NVS,ACHE,brain,NA,none,,,,,,,,,,,,,,
NVS_ENZ_rCNOS,NVS,NOS1,brain,NA,gene target,,,,,,,,,,,,,,
NVS_ENZ_rCNOS_Activator,NVS,NOS1,brain,NA,none,,,,,,,,,,,,,,
NVS_ENZ_rCOMT,NVS,COMT,brain,NA,gene target,,,,,,,,,,,,,,
NVS_ENZ_rCOMT_Activator,NVS,COMT,brain,NA,none,,,,,,,,,,,,,,
NVS_ENZ_rMAOAC,NVS,MAOA,brain,NA,gene target,,,,,,,,,,,,,,
NVS_ENZ_rMAOAC_Activator,NVS,MAOA,brain,NA,none,,,,,,,,,,,,,,
NVS_ENZ_rMAOAP,NVS,MAOA,liver,NA,gene target,,,,,,,,,,,,,,
NVS_ENZ_rMAOAP_Activator,NVS,MAOA,liver,NA,none,,,,,,,,,,,,,,
NVS_ENZ_rMAOBC,NVS,MAOB,brain,NA,gene target,,,,,,,,,,,,,,
NVS_ENZ_rMAOBC_Activator,NVS,MAOB,brain,NA,none,,,,,,,,,,,,,,
NVS_ENZ_rMAOBP,NVS,MAOB,brain,NA,gene target,,,,,,,,,,,,,,
NVS_ENZ_rMAOBP_Activator,NVS,MAOB,brain,NA,none,,,,,,,,,,,,,,
NVS_GPCR_bAdoR_NonSelective,NVS,ADORA1,brain,NA,gene target,,,,,,,,,,,,,,
NVS_GPCR_bAT2,NVS,AGTR2,brain,NA,gene target,,,,,,,,,,,,,,
NVS_GPCR_bDR_NonSelective,NVS,DRD1,brain,NA,gene target,,,,,,,,,,,,,,
NVS_GPCR_bH1,NVS,HRH1,brain,NA,gene target,,,,,,,,,,,,,,
NVS_GPCR_bNPY_NonSelective,NVS,NPY,brain,NA,gene target,,,,,,,,,,,,,,
NVS_GPCR_g5HT4,NVS,HTR4,brain,NA,gene target,,,,,,,,,,,,,,
NVS_GPCR_gANPA,NVS,NPPA,brain,NA,gene target,,,,,,,,,,,,,,
NVS_GPCR_gBK2,NVS,BDKRB2,intestinal,NA,gene target,,,,,,,,,,,,,,
NVS_GPCR_gH2,NVS,HRH2,brain,NA,gene target,,,,,,,,,,,,,,
NVS_GPCR_gLTB4,NVS,LTB4R,spleen,NA,gene target,,,,,,,,,,,,,,
NVS_GPCR_gLTD4,NVS,CYSLTR1,lung,NA,gene target,,,,,,,,,,,,,,
NVS_GPCR_gMPeripheral_NonSelective,NVS,CHRM3,bladder,NA,gene target,,,,,,,,,,,,,,
NVS_GPCR_gOpiateK,NVS,OPRK1,brain,NA,gene target,,,,,,,,,,,,,,
NVS_GPCR_h5HT2A,NVS,HTR2A,brain,NA,gene target,,,,,,,,,,,,,,
NVS_GPCR_h5HT5A,NVS,HTR5A,NA,NA,gene target,,,,,,,,,,,,,,
NVS_GPCR_h5HT6,NVS,HTR6,NA,NA,gene target,,,,,,,,,,,,,,
NVS_GPCR_h5HT7,NVS,HTR7,NA,NA,gene target,,,,,,,,,,,,,,
NVS_GPCR_hAdoRA1,NVS,ADORA1,brain,NA,gene target,,,,,,,,,,,,,,
NVS_GPCR_hAdoRA2a,NVS,ADORA2A,NA,NA,gene target,,,,,,,,,,,,,,
NVS_GPCR_hAdra2A,NVS,ADRA2A,NA,NA,gene target,,,,,,,,,,,,,,
NVS_GPCR_hAdra2C,NVS,ADRA2C,NA,NA,gene target,,,,,,,,,,,,,,
NVS_GPCR_hAdrb1,NVS,ADRB1,NA,NA,gene target,,,,,,,,,,,,,,
NVS_GPCR_hAdrb2,NVS,ADRB2,NA,NA,gene target,,,,,,,,,,,,,,
NVS_GPCR_hAdrb3,NVS,ADRB3,NA,NA,gene target,,,,,,,,,,,,,,
NVS_GPCR_hAT1,NVS,AGTR1,brain,NA,gene target,,,,,,,,,,,,,,
NVS_GPCR_hC5a,NVS,C5AR1,NA,NA,gene target,,,,,,,,,,,,,,
NVS_GPCR_hDRD1,NVS,DRD1,NA,NA,gene target,,,,,,,,,,,,,,
NVS_GPCR_hDRD2s,NVS,DRD2,NA,NA,gene target,,,,,,,,,,,,,,
NVS_GPCR_hDRD4.4,NVS,DRD4,NA,NA,gene target,,,,,,,,,,,,,,
NVS_GPCR_hETA,NVS,EDNRA,NA,NA,gene target,,,,,,,,,,,,,,
NVS_GPCR_hETB,NVS,EDNRB,NA,NA,gene target,,,,,,,,,,,,,,
NVS_GPCR_hH1,NVS,HRH1,NA,NA,gene target,,,,,,,,,,,,,,
NVS_GPCR_hLTB4_BLT1,NVS,LTB4R,NA,NA,gene target,,,,,,,,,,,,,,
NVS_GPCR_hM1,NVS,CHRM1,NA,NA,gene target,,,,,,,,,,,,,,
NVS_GPCR_hM2,NVS,CHRM2,NA,NA,gene target,,,,,,,,,,,,,,
NVS_GPCR_hM3,NVS,CHRM3,NA,NA,gene target,,,,,,,,,,,,,,
NVS_GPCR_hM4,NVS,CHRM4,NA,NA,gene target,,,,,,,,,,,,,,
NVS_GPCR_hM5,NVS,CHRM5,NA,NA,gene target,,,,,,,,,,,,,,
NVS_GPCR_hNK2,NVS,TACR2,NA,NA,gene target,,,,,,,,,,,,,,
NVS_GPCR_hNPY1,NVS,NPY1R,NA,NA,gene target,,,,,,,,,,,,,,
NVS_GPCR_hNPY2,NVS,NPY2R,NA,NA,gene target,,,,,,,,,,,,,,
NVS_GPCR_hNTS,NVS,NTSR1,NA,NA,gene target,,,,,,,,,,,,,,
NVS_GPCR_hOpiate_D1,NVS,OPRD1,NA,NA,gene target,,,,,,,,,,,,,,
NVS_GPCR_hOpiate_mu,NVS,OPRM1,NA,NA,gene target,,,,,,,,,,,,,,
NVS_GPCR_hORL1,NVS,OPRL1,NA,NA,gene target,,,,,,,,,,,,,,
NVS_GPCR_hPY2,NVS,P2RY1,NA,NA,gene target,,,,,,,,,,,,,,
NVS_GPCR_hTXA2,NVS,TBXA2R,NA,NA,gene target,,,,,,,,,,,,,,
NVS_GPCR_hV1A,NVS,AVPR1A,NA,NA,gene target,,,,,,,,,,,,,,
NVS_GPCR_mCCKAPeripheral,NVS,CCKAR,pancreas,NA,gene target,,,,,,,,,,,,,,
NVS_GPCR_mCKKBCentral,NVS,CCKBR,brain,NA,gene target,,,,,,,,,,,,,,
NVS_GPCR_p5HT2C,NVS,HTR2C,brain,NA,gene target,,,,,,,,,,,,,,
NVS_GPCR_r5HT_NonSelective,NVS,HTR1A,brain,NA,gene target,,,,,,,,,,,,,,
NVS_GPCR_r5HT1_NonSelective,NVS,HTR1A,brain,NA,gene target,,,,,,,,,,,,,,
NVS_GPCR_rabPAF,NVS,PTAFR,vascular,NA,gene target,,,,,,,,,,,,,,
NVS_GPCR_rAdra1_NonSelective,NVS,ADRA1A,brain,NA,gene target,,,,,,,,,,,,,,
NVS_GPCR_rAdra1A,NVS,ADRA1A,brain,NA,gene target,,,,,,,,,,,,,,
NVS_GPCR_rAdra1B,NVS,ADRA1B,liver,NA,gene target,,,,,,,,,,,,,,
NVS_GPCR_rAdra2_NonSelective,NVS,ADRA2A,brain,NA,gene target,,,,,,,,,,,,,,
NVS_GPCR_rAdrb_NonSelective,NVS,ADRB1,brain,NA,gene target,,,,,,,,,,,,,,
NVS_GPCR_rCRF,NVS,CRHR1,brain,NA,gene target,,,,,,,,,,,,,,
NVS_GPCR_rGABBR,NVS,GABBR1,brain,NA,gene target,,,,,,,,,,,,,,
NVS_GPCR_rGalanin,NVS,GALR1,brain,NA,gene target,,,,,,,,,,,,,,
NVS_GPCR_rGHB,NVS,TSPAN17,brain,NA,gene target,,,,,,,,,,,,,,
NVS_GPCR_rH3,NVS,HRH3,brain,NA,gene target,,,,,,,,,,,,,,
NVS_GPCR_rmAdra2B,NVS,ADRA2B,brain,NA,gene target,,,,,,,,,,,,,,
NVS_GPCR_rmMGluR1,NVS,GRM1,brain,NA,gene target,,,,,,,,,,,,,,
NVS_GPCR_rmMGluR5,NVS,GRM5,brain,NA,gene target,,,,,,,,,,,,,,
NVS_GPCR_rNK1,NVS,TACR1,salivary gland,NA,gene target,,,,,,,,,,,,,,
NVS_GPCR_rNK3,NVS,TACR3,brain,NA,gene target,,,,,,,,,,,,,,
NVS_GPCR_rNTS,NVS,NTSR1,brain,NA,gene target,,,,,,,,,,,,,,
NVS_GPCR_rOpiate_NonSelective,NVS,OPRM1,brain,NA,gene target,,,,,,,,,,,,,,
NVS_GPCR_rOpiate_NonSelectiveNa,NVS,OPRM1,brain,NA,gene target,,,,,,,,,,,,,,
NVS_GPCR_rOXT,NVS,OXTR,uterus,NA,gene target,,,,,,,,,,,,,,
NVS_GPCR_rSST,NVS,SSTR1,brain,NA,gene target,,,,,,,,,,,,,,
NVS_GPCR_rTRH,NVS,TRHR,brain,NA,gene target,,,,,,,,,,,,,,
NVS_GPCR_rV1,NVS,AVPR1A,liver,NA,gene target,,,,,,,,,,,,,,
NVS_GPCR_rVIP_NonSelective,NVS,VIPR1,brain,NA,gene target,,,,,,,,,,,,,,
NVS_IC_hKhERGCh,NVS,KCNH2,NA,NA,gene target,,,,,,,,,,,,,,
NVS_IC_rCaBTZCHL,NVS,CACNA1A,brain,NA,gene target,,,,,,,,,,,,,,
NVS_IC_rCaChN,NVS,CACNA1B,brain,NA,gene target,,,,,,,,,,,,,,
NVS_IC_rCaDHPRCh_L,NVS,CACNA1A,brain,NA,gene target,,,,,,,,,,,,,,
NVS_IC_rKAR,NVS,GRIK1,brain,NA,gene target,,,,,,,,,,,,,,
NVS_IC_rKATPCh,NVS,KCNJ1,brain,NA,gene target,,,,,,,,,,,,,,
NVS_IC_rKCaCh,NVS,KCNN1,brain,NA,gene target,,,,,,,,,,,,,,
NVS_IC_rNaCh_site2,NVS,SCN1A,brain,NA,gene target,,,,,,,,,,,,,,
NVS_LGIC_bGABAR_Agonist,NVS,GABRA1,brain,NA,gene target,,,,,,,,,,,,,,
NVS_LGIC_bGABARa1,NVS,GABRA1,brain,NA,gene target,,,,,,,,,,,,,,
NVS_LGIC_bGABARa5,NVS,GABRA5,brain,NA,gene target,,,,,,,,,,,,,,
NVS_LGIC_h5HT3,NVS,HTR3A,NA,NA,gene target,,,,,,,,,,,,,,
NVS_LGIC_hNNR_NBungSens,NVS,CHRNA2,brain,NA,gene target,,,,,,,,,,,,,,
NVS_LGIC_rAMPA,NVS,GRIA1,brain,NA,gene target,,,,,,,,,,,,,,
NVS_LGIC_rGABAR_NonSelective,NVS,GABRA1,brain,NA,gene target,,,,,,,,,,,,,,
NVS_LGIC_rGABARa6,NVS,GABRA6,brain,NA,gene target,,,,,,,,,,,,,,
NVS_LGIC_rGluNMDA_Agonist,NVS,GRIN1,brain,NA,gene target,,,,,,,,,,,,,,
NVS_LGIC_rGluNMDA_MK801_Agonist,NVS,GRIN1,brain,NA,gene target,,,,,,,,,,,,,,
NVS_LGIC_rGlyRStrySens,NVS,GLRA1,brain,NA,gene target,,,,,,,,,,,,,,
NVS_LGIC_rNNR_BungSens,NVS,CHRNA7,brain,NA,gene target,,,,,,,,,,,,,,
NVS_MP_hPBR,NVS,TSPO,intestinal,NA,gene target,,,,,,,,,,,,,,
NVS_MP_rPBR,NVS,TSPO,kidney,NA,gene target,,,,,,,,,,,,,,
NVS_NR_bER,NVS,ESR1,uterus,NA,gene target,,,,,,,,,,,,,,
NVS_NR_bPR,NVS,PGR,uterus,NA,gene target,,,,,,,,,,,,,,
NVS_NR_cAR,NVS,AR,NA,NA,gene target,,,,,,,,,,,,,,
NVS_NR_hAR,NVS,AR,NA,NA,gene target,,,,,,,,,,,,,,
NVS_NR_hCAR_Agonist,NVS,NR1I3,NA,NA,gene target,,,,,,,,,,,,,,
NVS_NR_hCAR_Antagonist,NVS,NR1I3,NA,NA,gene target,,,,,,,,,,,,,,
NVS_NR_hER,NVS,ESR1,NA,NA,gene target,,,,,,,,,,,,,,
NVS_NR_hFXR_Agonist,NVS,NR1H4,NA,NA,gene target,,,,,,,,,,,,,,
NVS_NR_hFXR_Antagonist,NVS,NR1H4,NA,NA,gene target,,,,,,,,,,,,,,
NVS_NR_hGR,NVS,NR3C1,NA,NA,gene target,,,,,,,,,,,,,,
NVS_NR_hPPARa,NVS,PPARA,NA,NA,gene target,,,,,,,,,,,,,,
NVS_NR_hPPARg,NVS,PPARG,NA,NA,gene target,,,,,,,,,,,,,,
NVS_NR_hPR,NVS,PGR,NA,NA,gene target,,,,,,,,,,,,,,
NVS_NR_hPXR,NVS,NR1I2,NA,NA,gene target,,,,,,,,,,,,,,
NVS_NR_hRAR_Antagonist,NVS,RARA,NA,NA,gene target,,,,,,,,,,,,,,
NVS_NR_hRARa_Agonist,NVS,RARA,NA,NA,gene target,,,,,,,,,,,,,,
NVS_NR_hTRa_Antagonist,NVS,THRA,NA,NA,gene target,,,,,,,,,,,,,,
NVS_NR_mERa,NVS,ESR1,NA,NA,gene target,,,,,,,,,,,,,,
NVS_NR_rAR,NVS,AR,prostate,NA,gene target,,,,,,,,,,,,,,
NVS_NR_rMR,NVS,NR3C2,brain,NA,gene target,,,,,,,,,,,,,,
NVS_OR_gSIGMA_NonSelective,NVS,SIGMAR1,brain,NA,gene target,,,,,,,,,,,,,,
NVS_OR_hFKBP12,NVS,FKBP1A,NA,NA,gene target,,,,,,,,,,,,,,
NVS_TR_gDAT,NVS,SLC6A3,brain,NA,gene target,,,,,,,,,,,,,,
NVS_TR_hAdoT,NVS,SLC29A1,NA,NA,gene target,,,,,,,,,,,,,,
NVS_TR_hDAT,NVS,SLC6A3,NA,NA,gene target,,,,,,,,,,,,,,
NVS_TR_hNET,NVS,SLC6A2,NA,NA,gene target,,,,,,,,,,,,,,
NVS_TR_hSERT,NVS,SLC6A4,vascular,NA,gene target,,,,,,,,,,,,,,
NVS_TR_rAdoT,NVS,SLC29A1,brain,NA,gene target,,,,,,,,,,,,,,
NVS_TR_rNET,NVS,SLC6A2,brain,NA,gene target,,,,,,,,,,,,,,
NVS_TR_rSERT,NVS,SLC6A4,brain,NA,gene target,,,,,,,,,,,,,,
NVS_TR_rVMAT2,NVS,SLC18A2,brain,NA,gene target,,,,,,,,,,,,,,
OT_AR_ARELUC_AG_1440,OT,AR,ovary,CHO-K1,gene target,,,,,,,,,,,,,,
OT_AR_ARSRC1_0480,OT,AR,kidney,HEK293T,gene target,,,,,,,,,,,,,,
OT_AR_ARSRC1_0960,OT,AR,kidney,HEK293T,gene target,,,,,,,,,,,,,,
OT_ER_ERaERa_0480,OT,ESR1,kidney,HEK293T,gene target,,,,,,,,,,,,,,
OT_ER_ERaERa_1440,OT,ESR1,kidney,HEK293T,gene target,,,,,,,,,,,,,,
OT_ER_ERaERb_0480,OT,ESR1|ESR2,kidney,HEK293T,gene target,,,,,,,,,,,,,,
OT_ER_ERaERb_1440,OT,ESR1|ESR2,kidney,HEK293T,gene target,,,,,,,,,,,,,,
OT_ER_ERbERb_0480,OT,ESR2,kidney,HEK293T,gene target,,,,,,,,,,,,,,
OT_ER_ERbERb_1440,OT,ESR2,kidney,HEK293T,gene target,,,,,,,,,,,,,,
OT_ERa_EREGFP_0120,OT,ESR1,cervix,HeLa,gene target,,,,,,,,,,,,,,
OT_ERa_EREGFP_0480,OT,ESR1,cervix,HeLa,gene target,,,,,,,,,,,,,,
OT_FXR_FXRSRC1_0480,OT,NR1H4,kidney,HEK293T,gene target,,,,,,,,,,,,,,
OT_FXR_FXRSRC1_1440,OT,NR1H4,kidney,HEK293T,gene target,,,,,,,,,,,,,,
OT_NURR1_NURR1RXRa_0480,OT,RXRA,kidney,HEK293T,gene target,,,,,,,,,,,,,,
OT_NURR1_NURR1RXRa_1440,OT,RXRA,kidney,HEK293T,gene target,,,,,,,,,,,,,,
OT_PPARg_PPARgSRC1_0480,OT,PPARG,kidney,HEK293T,gene target,,,,,,,,,,,,,,
OT_PPARg_PPARgSRC1_1440,OT,PPARG,kidney,HEK293T,gene target,,,,,,,,,,,,,,
TOX21_AhR_LUC_Agonist,TOX21,AHR,liver,HepG2,gene target,,,,,,,,,,,,,,
TOX21_AhR_LUC_Agonist_viability,TOX21,NA,liver,HepG2,viability,,,,,,,,,,,,,,
TOX21_AP1_BLA_Agonist_ch1,TOX21,NA,cervix,ME-180,none,,,,,,,,,,,,,,
TOX21_AP1_BLA_Agonist_ch2,TOX21,NA,cervix,ME-180,none,,,,,,,,,,,,,,
TOX21_AP1_BLA_Agonist_ratio,TOX21,JUN|FOS|JUN,cervix,ME-180,none,,,,,,,,,,,,,,
TOX21_AP1_BLA_Agonist_viability,TOX21,NA,cervix,ME-180,viability,,,,,,,,,,,,,,
TOX21_AR_BLA_Agonist_ch1,TOX21,NA,kidney,HEK293T,none,,,,,,,,,,,,,,
TOX21_AR_BLA_Agonist_ch2,TOX21,NA,kidney,HEK293T,none,,,,,,,,,,,,,,
TOX21_AR_BLA_Agonist_ratio,TOX21,AR,kidney,HEK293T,gene target,,,,,,,,,,,,,,
TOX21_AR_BLA_Antagonist_ch1,TOX21,NA,kidney,HEK293T,none,,,,,,,,,,,,,,
TOX21_AR_BLA_Antagonist_ch2,TOX21,NA,kidney,HEK293T,none,,,,,,,,,,,,,,
TOX21_AR_BLA_Antagonist_ratio,TOX21,AR,kidney,HEK293T,gene target,,,,,,,,,,,,,,
TOX21_AR_BLA_Antagonist_viability,TOX21,NA,kidney,HEK293T,viability,,,,,,,,,,,,,,
TOX21_AR_LUC_MDAKB2_Agonist,TOX21,AR,breast,MDA-kb2,gene target,,,,,,,,,,,,,,
TOX21_AR_LUC_MDAKB2_Agonist_Counterscreen,TOX21,AR,breast,MDA-kb2,gene target,,,,,,,,,,,,,,
TOX21_AR_LUC_MDAKB2_Agonist2_viability,TOX21,NA,breast,MDA-kb2,viability,,,,,,,,,,,,,,
TOX21_AR_LUC_MDAKB2_Antagonist,TOX21,AR,breast,MDA-kb2,gene target,,,,,,,,,,,,,,
TOX21_AR_LUC_MDAKB2_Antagonist_Specificity,TOX21,AR,breast,MDA-kb2,none,,,,,,,,,,,,,,
TOX21_AR_LUC_MDAKB2_Antagonist_Specificity_viability,TOX21,NA,breast,MDA-kb2,none,,,,,,,,,,,,,,
TOX21_AR_LUC_MDAKB2_Antagonist_viability,TOX21,NA,breast,MDA-kb2,viability,,,,,,,,,,,,,,
TOX21_ARE_BLA_Agonist_ch1,TOX21,NA,liver,HepG2,none,,,,,,,,,,,,,,
TOX21_ARE_BLA_Agonist_ch2,TOX21,NA,liver,HepG2,none,,,,,,,,,,,,,,
TOX21_ARE_BLA_agonist_ratio,TOX21,NFE2L2,liver,HepG2,gene target,,,,,,,,,,,,,,
TOX21_ARE_BLA_agonist_viability,TOX21,NA,liver,HepG2,viability,,,,,,,,,,,,,,
TOX21_Aromatase_Inhibition,TOX21,CYP19A1,breast,MCF-7,none,,,,,,,,,,,,,,
TOX21_Aromatase_Inhibition_viability,TOX21,NA,breast,MCF-7,viability,,,,,,,,,,,,,,
TOX21_AutoFluor_HEK293_Cell_blue,TOX21,NA,kidney,HEK293T,none,,,,,,,,,,,,,,
TOX21_AutoFluor_HEK293_Cell_green,TOX21,NA,kidney,HEK293T,none,,,,,,,,,,,,,,
TOX21_AutoFluor_HEK293_Cell_red,TOX21,NA,kidney,HEK293T,none,,,,,,,,,,,,,,
TOX21_AutoFluor_HEK293_Media_blue,TOX21,NA,kidney,HEK293T,none,,,,,,,,,,,,,,
TOX21_AutoFluor_HEK293_Media_green,TOX21,NA,kidney,HEK293T,none,,,,,,,,,,,,,,
TOX21_AutoFluor_HEK293_Media_red,TOX21,NA,kidney,HEK293T,none,,,,,,,,,,,,,,
TOX21_AutoFluor_HEPG2_Cell_blue,TOX21,NA,liver,HepG2,none,,,,,,,,,,,,,,
TOX21_AutoFluor_HEPG2_Cell_green,TOX21,NA,liver,HepG2,none,,,,,,,,,,,,,,
TOX21_AutoFluor_HEPG2_Cell_red,TOX21,NA,liver,HepG2,none,,,,,,,,,,,,,,
TOX21_AutoFluor_HEPG2_Media_blue,TOX21,NA,liver,HepG2,none,,,,,,,,,,,,,,
TOX21_AutoFluor_HEPG2_Media_green,TOX21,NA,liver,HepG2,none,,,,,,,,,,,,,,
TOX21_AutoFluor_HEPG2_Media_red,TOX21,NA,liver,HepG2,none,,,,,,,,,,,,,,
TOX21_CAR_Agonist,TOX21,NR1I3,liver,HepG2,gene target,,,,,,,,,,,,,,
TOX21_CAR_Agonist_viabillity,TOX21,NA,liver,HepG2,viability,,,,,,,,,,,,,,
TOX21_CAR_Antagonist,TOX21,NR1I3,liver,HepG2,gene target,,,,,,,,,,,,,,
TOX21_CAR_Antagonist_viability,TOX21,NA,liver,HepG2,viability,,,,,,,,,,,,,,
TOX21_DT40,TOX21,NA,lymphoblast,DT40,viability,,,,,,,,,,,,,,
TOX21_DT40_100,TOX21,NA,lymphoblast,DT40,viability,,,,,,,,,,,,,,
TOX21_DT40_657,TOX21,NA,lymphoblast,DT40,viability,,,,,,,,,,,,,,
TOX21_ELG1_LUC_Agonist,TOX21,ATAD5,kidney,HEK293T,viability,,,,,,,,,,,,,,
TOX21_ELG1_LUC_Agonist_viability,TOX21,NA,kidney,HEK293T,viability,,,,,,,,,,,,,,
TOX21_ERa_BLA_Agonist_ch1,TOX21,NA,kidney,HEK293T,none,,,,,,,,,,,,,,
TOX21_ERa_BLA_Agonist_ch2,TOX21,NA,kidney,HEK293T,none,,,,,,,,,,,,,,
TOX21_ERa_BLA_Agonist_ratio,TOX21,ESR1,kidney,HEK293T,gene target,,,,,,,,,,,,,,
TOX21_ERa_BLA_Antagonist_ch1,TOX21,NA,kidney,HEK293T,none,,,,,,,,,,,,,,
TOX21_ERa_BLA_Antagonist_ch2,TOX21,NA,kidney,HEK293T,none,,,,,,,,,,,,,,
TOX21_ERa_BLA_Antagonist_ratio,TOX21,ESR1,kidney,HEK293T,gene target,,,,,,,,,,,,,,
TOX21_ERa_BLA_Antagonist_viability,TOX21,NA,kidney,HEK293T,viability,,,,,,,,,,,,,,
TOX21_ERa_LUC_BG1_Agonist,TOX21,ESR1,ovary,BG1,gene target,,,,,,,,,,,,,,
TOX21_ERa_LUC_BG1_Agonist_Counterscreen,TOX21,ESR1|ESR1|ESR1|ESR1,NA,NA,gene target,,,,,,,,,,,,,,
TOX21_ERa_LUC_BG1_Antagonist,TOX21,ESR1,ovary,VM7,gene target,,,,,,,,,,,,,,
TOX21_ERa_LUC_BG1_Antagonist_Specificity,TOX21,ESR1,ovary,BG1,none,,,,,,,,,,,,,,
TOX21_ERa_LUC_BG1_Antagonist_Specificity_viability,TOX21,NA,ovary,BG1,none,,,,,,,,,,,,,,
TOX21_ERa_LUC_BG1_Antagonist_viability,TOX21,NA,ovary,VM7,viability,,,,,,,,,,,,,,
TOX21_ERb_BLA_Agonist_ch1,TOX21,NA,kidney,HEK293T,none,,,,,,,,,,,,,,
TOX21_ERb_BLA_Agonist_ch2,TOX21,NA,kidney,HEK293T,none,,,,,,,,,,,,,,
TOX21_ERb_BLA_Agonist_ratio,TOX21,ESR2,kidney,HEK293T,gene target,,,,,,,,,,,,,,
TOX21_ERb_BLA_Agonist_viability,TOX21,NA,kidney,HEK293T,viability,,,,,,,,,,,,,,
TOX21_ERb_BLA_Antagonist_ch1,TOX21,NA,kidney,HEK293T,none,,,,,,,,,,,,,,
TOX21_ERb_BLA_Antagonist_ch2,TOX21,NA,kidney,HEK293T,none,,,,,,,,,,,,,,
TOX21_ERb_BLA_Antagonist_ratio,TOX21,ESR2,kidney,HEK293T,gene target,,,,,,,,,,,,,,
TOX21_ERb_BLA_Antagonist_viability,TOX21,NA,kidney,HEK293T,viability,,,,,,,,,,,,,,
TOX21_ERR_Agonist,TOX21,ESRRA,kidney,ERR-HEK293T,gene target,,,,,,,,,,,,,,
TOX21_ERR_Antagonist,TOX21,ESRRA,kidney,ERR-HEK293T,gene target,,,,,,,,,,,,,,
TOX21_ERR_viability,TOX21,NA,kidney,ERR-HEK293T,viability,,,,,,,,,,,,,,
TOX21_ESRE_BLA_ch1,TOX21,NA,cervix,HeLa,none,,,,,,,,,,,,,,
TOX21_ESRE_BLA_ch2,TOX21,NA,cervix,HeLa,none,,,,,,,,,,,,,,
TOX21_ESRE_BLA_ratio,TOX21,ATF6,cervix,HeLa,gene target,,,,,,,,,,,,,,
TOX21_ESRE_BLA_viability,TOX21,NA,cervix,HeLa,viability,,,,,,,,,,,,,,
TOX21_FXR_BLA_agonist_ch1,TOX21,NA,kidney,HEK293T,none,,,,,,,,,,,,,,
TOX21_FXR_BLA_agonist_ch2,TOX21,NA,kidney,HEK293T,none,,,,,,,,,,,,,,
TOX21_FXR_BLA_agonist_ratio,TOX21,NR1H4,kidney,HEK293T,gene target,,,,,,,,,,,,,,
TOX21_FXR_BLA_agonist_viability,TOX21,NA,kidney,HEK293T,viability,,,,,,,,,,,,,,
TOX21_FXR_BLA_Antagonist_ch1,TOX21,NA,kidney,HEK293T,none,,,,,,,,,,,,,,
TOX21_FXR_BLA_Antagonist_ch2,TOX21,NA,kidney,HEK293T,none,,,,,,,,,,,,,,
TOX21_FXR_BLA_antagonist_ratio,TOX21,NR1H4,kidney,HEK293T,gene target,,,,,,,,,,,,,,
TOX21_FXR_BLA_antagonist_viability,TOX21,NA,kidney,HEK293T,viability,,,,,,,,,,,,,,
TOX21_GR_BLA_Agonist_ch1,TOX21,NA,cervix,HeLa,none,,,,,,,,,,,,,,
TOX21_GR_BLA_Agonist_ch2,TOX21,NA,cervix,HeLa,none,,,,,,,,,,,,,,
TOX21_GR_BLA_Agonist_ratio,TOX21,NR3C1,cervix,HeLa,tissue,,,,,,,,,,,,,,
TOX21_GR_BLA_Antagonist_ch1,TOX21,NA,cervix,HeLa,none,,,,,,,,,,,,,,
TOX21_GR_BLA_Antagonist_ch2,TOX21,NA,cervix,HeLa,none,,,,,,,,,,,,,,
TOX21_GR_BLA_Antagonist_ratio,TOX21,NR3C1,cervix,HeLa,tissue,,,,,,,,,,,,,,
TOX21_GR_BLA_Antagonist_viability,TOX21,NA,cervix,HeLa,viability,,,,,,,,,,,,,,
TOX21_H2AX_HTRF_CHO_Agonist_ch1,TOX21,NA,ovary,CHO-K1,none,,,,,,,,,,,,,,
TOX21_H2AX_HTRF_CHO_Agonist_ch2,TOX21,NA,ovary,CHO-K1,none,,,,,,,,,,,,,,
TOX21_H2AX_HTRF_CHO_Agonist_ratio,TOX21,H2AFX,ovary,CHO-K1,viability,,,,,,,,,,,,,,
TOX21_H2AX_HTRF_CHO_viability,TOX21,NA,ovary,CHO-K1,viability,,,,,,,,,,,,,,
TOX21_HDAC_Inhibition,TOX21,HDAC1,colon,HCT-116,gene target,,,,,,,,,,,,,,
TOX21_HDAC_Inhibition_viability,TOX21,NA,colon,HCT-116,viability,,,,,,,,,,,,,,
TOX21_HRE_BLA_Agonist_ch1,TOX21,NA,cervix,ME-180,none,,,,,,,,,,,,,,
TOX21_HRE_BLA_Agonist_ch2,TOX21,NA,cervix,ME-180,none,,,,,,,,,,,,,,
TOX21_HRE_BLA_Agonist_ratio,TOX21,HIF1A,cervix,ME-180,gene target,,,,,,,,,,,,,,
TOX21_HRE_BLA_Agonist_viability,TOX21,NA,cervix,ME-180,viability,,,,,,,,,,,,,,
TOX21_HSE_BLA_agonist_ch1,TOX21,NA,cervix,HeLa,none,,,,,,,,,,,,,,
TOX21_HSE_BLA_agonist_ch2,TOX21,NA,cervix,HeLa,none,,,,,,,,,,,,,,
TOX21_HSE_BLA_agonist_ratio,TOX21,HSF1,cervix,HeLa,gene target,,,,,,,,,,,,,,
TOX21_HSE_BLA_agonist_viability,TOX21,NA,cervix,HeLa,viability,,,,,,,,,,,,,,
TOX21_MMP_fitc,TOX21,NA,liver,HepG2,none,,,,,,,,,,,,,,
TOX21_MMP_ratio_down,TOX21,NA,liver,HepG2,none,,,,,,,,,,,,,,
TOX21_MMP_ratio_up,TOX21,NA,liver,HepG2,none,,,,,,,,,,,,,,
TOX21_MMP_rhodamine,TOX21,NA,liver,HepG2,none,,,,,,,,,,,,,,
TOX21_MMP_viability,TOX21,NA,liver,HepG2,viability,,,,,,,,,,,,,,
TOX21_NFkB_BLA_agonist_ch1,TOX21,NA,cervix,ME-180,none,,,,,,,,,,,,,,
TOX21_NFkB_BLA_agonist_ch2,TOX21,NA,cervix,ME-180,none,,,,,,,,,,,,,,
TOX21_NFkB_BLA_agonist_ratio,TOX21,NFKB1,cervix,ME-180,none,,,,,,,,,,,,,,
TOX21_NFkB_BLA_agonist_viability,TOX21,NA,cervix,ME-180,gene target,,,,,,,,,,,,,,
TOX21_p53_BLA_p1_ch1,TOX21,NA,intestinal,HCT116,none,,,,,,,,,,,,,,
TOX21_p53_BLA_p1_ch2,TOX21,NA,intestinal,HCT116,none,,,,,,,,,,,,,,
TOX21_p53_BLA_p1_ratio,TOX21,TP53,intestinal,HCT116,gene target,,,,,,,,,,,,,,
TOX21_p53_BLA_p1_viability,TOX21,NA,intestinal,HCT116,viability,,,,,,,,,,,,,,
TOX21_p53_BLA_p2_ch1,TOX21,NA,intestinal,HCT116,none,,,,,,,,,,,,,,
TOX21_p53_BLA_p2_ch2,TOX21,NA,intestinal,HCT116,none,,,,,,,,,,,,,,
TOX21_p53_BLA_p2_ratio,TOX21,TP53,intestinal,HCT116,viability,,,,,,,,,,,,,,
TOX21_p53_BLA_p2_viability,TOX21,NA,intestinal,HCT116,viability,,,,,,,,,,,,,,
TOX21_p53_BLA_p3_ch1,TOX21,NA,intestinal,HCT116,none,,,,,,,,,,,,,,
TOX21_p53_BLA_p3_ch2,TOX21,NA,intestinal,HCT116,none,,,,,,,,,,,,,,
TOX21_p53_BLA_p3_ratio,TOX21,TP53,intestinal,HCT116,viability,,,,,,,,,,,,,,
TOX21_p53_BLA_p3_viability,TOX21,NA,intestinal,HCT116,viability,,,,,,,,,,,,,,
TOX21_p53_BLA_p4_ch1,TOX21,NA,intestinal,HCT116,none,,,,,,,,,,,,,,
TOX21_p53_BLA_p4_ch2,TOX21,NA,intestinal,HCT116,none,,,,,,,,,,,,,,
TOX21_p53_BLA_p4_ratio,TOX21,TP53,intestinal,HCT116,viability,,,,,,,,,,,,,,
TOX21_p53_BLA_p4_viability,TOX21,NA,intestinal,HCT116,viability,,,,,,,,,,,,,,
TOX21_p53_BLA_p5_ch1,TOX21,NA,intestinal,HCT116,none,,,,,,,,,,,,,,
TOX21_p53_BLA_p5_ch2,TOX21,NA,intestinal,HCT116,none,,,,,,,,,,,,,,
TOX21_p53_BLA_p5_ratio,TOX21,TP53,intestinal,HCT116,viability,,,,,,,,,,,,,,
TOX21_p53_BLA_p5_viability,TOX21,NA,intestinal,HCT116,viability,,,,,,,,,,,,,,
TOX21_PGC_ERR_Agonist,TOX21,ESRRA,kidney,PGC/ERR HEK293T,gene target,,,,,,,,,,,,,,
TOX21_PGC_ERR_Antagonist,TOX21,ESRRA,kidney,PGC/ERR HEK293T,gene target,,,,,,,,,,,,,,
TOX21_PGC_ERR_viability,TOX21,NA,kidney,PGC/ERR HEK293T,viability,,,,,,,,,,,,,,
TOX21_PPARd_BLA_agonist_ch1,TOX21,NA,kidney,HEK293T,none,,,,,,,,,,,,,,
TOX21_PPARd_BLA_agonist_ch2,TOX21,NA,kidney,HEK293T,none,,,,,,,,,,,,,,
TOX21_PPARd_BLA_agonist_ratio,TOX21,PPARD,kidney,HEK293T,gene target,,,,,,,,,,,,,,
TOX21_PPARd_BLA_Agonist_viability,TOX21,NA,kidney,HEK293T,viability,,,,,,,,,,,,,,
TOX21_PPARd_BLA_Antagonist_ch1,TOX21,NA,kidney,HEK293T,none,,,,,,,,,,,,,,
TOX21_PPARd_BLA_Antagonist_ch2,TOX21,NA,kidney,HEK293T,none,,,,,,,,,,,,,,
TOX21_PPARd_BLA_antagonist_ratio,TOX21,PPARD,kidney,HEK293T,gene target,,,,,,,,,,,,,,
TOX21_PPARd_BLA_antagonist_viability,TOX21,NA,kidney,HEK293T,viability,,,,,,,,,,,,,,
TOX21_PPARg_BLA_Agonist_ch1,TOX21,NA,kidney,HEK293T,none,,,,,,,,,,,,,,
TOX21_PPARg_BLA_Agonist_ch2,TOX21,NA,kidney,HEK293T,none,,,,,,,,,,,,,,
TOX21_PPARg_BLA_Agonist_ratio,TOX21,PPARG,kidney,HEK293T,gene target,,,,,,,,,,,,,,
TOX21_PPARg_BLA_Antagonist_ch1,TOX21,NA,kidney,HEK293,none,,,,,,,,,,,,,,
TOX21_PPARg_BLA_Antagonist_ch2,TOX21,NA,kidney,HEK293,none,,,,,,,,,,,,,,
TOX21_PPARg_BLA_antagonist_ratio,TOX21,PPARG,kidney,HEK293,gene target,,,,,,,,,,,,,,
TOX21_PPARg_BLA_antagonist_viability,TOX21,NA,kidney,HEK293,viability,,,,,,,,,,,,,,
TOX21_RAR_LUC_Agonist,TOX21,RARA,embryo,C3H10T1/2,gene target,,,,,,,,,,,,,,
TOX21_RAR_LUC_Agonist_viability,TOX21,NA,embryo,C3H10T1/2,viability,,,,,,,,,,,,,,
TOX21_RAR_LUC_Antagonist,TOX21,RARA,embryo,C3H10T1/2,gene target,,,,,,,,,,,,,,
TOX21_RAR_LUC_Antagonist_viability,TOX21,NA,embryo,C3H10T1/2,viability,,,,,,,,,,,,,,
TOX21_RORg_LUC_CHO_Antagonist,TOX21,RORC,ovary,CHO-K1,gene target,,,,,,,,,,,,,,
TOX21_RORg_LUC_CHO_Antagonist_viability,TOX21,NA,ovary,CHO-K1,viability,,,,,,,,,,,,,,
TOX21_RT_HEK293_FLO_00hr_viability,TOX21,NA,kidney,HEK293,viability,,,,,,,,,,,,,,
TOX21_RT_HEK293_FLO_08hr_viability,TOX21,NA,kidney,HEK293,viability,,,,,,,,,,,,,,
TOX21_RT_HEK293_FLO_16hr_viability,TOX21,NA,kidney,HEK293,viability,,,,,,,,,,,,,,
TOX21_RT_HEK293_FLO_24hr_viability,TOX21,NA,kidney,HEK293,viability,,,,,,,,,,,,,,
TOX21_RT_HEK293_FLO_32hr_viability,TOX21,NA,kidney,HEK293,viability,,,,,,,,,,,,,,
TOX21_RT_HEK293_FLO_40hr_viability,TOX21,NA,kidney,HEK293,viability,,,,,,,,,,,,,,
TOX21_RT_HEK293_GLO_00hr_viability,TOX21,NA,kidney,HEK293,viability,,,,,,,,,,,,,,
TOX21_RT_HEK293_GLO_08hr_viability,TOX21,NA,kidney,HEK293,viability,,,,,,,,,,,,,,
TOX21_RT_HEK293_GLO_16hr_viability,TOX21,NA,kidney,HEK293,viability,,,,,,,,,,,,,,
TOX21_RT_HEK293_GLO_24hr_viability,TOX21,NA,kidney,HEK293,viability,,,,,,,,,,,,,,
TOX21_RT_HEK293_GLO_32hr_viability,TOX21,NA,kidney,HEK293,viability,,,,,,,,,,,,,,
TOX21_RT_HEK293_GLO_40hr_viability,TOX21,NA,kidney,HEK293,viability,,,,,,,,,,,,,,
TOX21_RT_HEPG2_FLO_00hr_ctrl_viability,TOX21,NA,liver,HepG2,viability,,,,,,,,,,,,,,
TOX21_RT_HEPG2_FLO_08hr_viability,TOX21,NA,liver,HepG2,viability,,,,,,,,,,,,,,
TOX21_RT_HEPG2_FLO_16hr_ctrl_viability,TOX21,NA,liver,HepG2,viability,,,,,,,,,,,,,,
TOX21_RT_HEPG2_FLO_24hr_viability,TOX21,NA,liver,HepG2,viability,,,,,,,,,,,,,,
TOX21_RT_HEPG2_FLO_32hr_ctrl_viability,TOX21,NA,liver,HepG2,viability,,,,,,,,,,,,,,
TOX21_RT_HEPG2_FLO_40hr_ctrl_viability,TOX21,NA,liver,HepG2,viability,,,,,,,,,,,,,,
TOX21_RT_HEPG2_GLO_00hr_ctrl_viability,TOX21,NA,liver,HepG2,viability,,,,,,,,,,,,,,
TOX21_RT_HEPG2_GLO_08hr_ctrl_viability,TOX21,NA,liver,HepG2,viability,,,,,,,,,,,,,,
TOX21_RT_HEPG2_GLO_16hr_ctrl_viability,TOX21,NA,liver,HepG2,viability,,,,,,,,,,,,,,
TOX21_RT_HEPG2_GLO_24hr_ctrl_viability,TOX21,NA,liver,HepG2,viability,,,,,,,,,,,,,,
TOX21_RT_HEPG2_GLO_32hr_ctrl_viability,TOX21,NA,liver,HepG2,viability,,,,,,,,,,,,,,
TOX21_RT_HEPG2_GLO_40hr_viability,TOX21,NA,liver,HepG2,viability,,,,,,,,,,,,,,
TOX21_RXR_BLA_Agonist_ch1,TOX21,NA,kidney,HEK293T,none,,,,,,,,,,,,,,
TOX21_RXR_BLA_Agonist_ch2,TOX21,NA,kidney,HEK293T,none,,,,,,,,,,,,,,
TOX21_RXR_BLA_Agonist_ratio,TOX21,RXRA,kidney,HEK293T,gene target,,,,,,,,,,,,,,
TOX21_RXR_BLA_Agonist_viability,TOX21,NA,kidney,HEK293T,viability,,,,,,,,,,,,,,
TOX21_SSH_3T3_GLI3_Agonist,TOX21,GLI3,embryo,NIH/3T3,gene target,,,,,,,,,,,,,,
TOX21_SSH_3T3_GLI3_Agonist_viability,TOX21,NA,embryo,NIH/3T3,viability,,,,,,,,,,,,,,
TOX21_SSH_3T3_GLI3_Antagonist,TOX21,GLI3,embryo,NIH/3T3,gene target,,,,,,,,,,,,,,
TOX21_SSH_3T3_GLI3_Antagonist_viability,TOX21,NA,embryo,NIH/3T3,viability,,,,,,,,,,,,,,
TOX21_TR_LUC_GH3_Agonist,TOX21,THRA|THRB|THRB|THRB |THRA,pituitary gland,GH3,gene target,,,,,,,,,,,,,,
TOX21_TR_LUC_GH3_Antagonist,TOX21,THRA|THRB|THRB|THRB |THRA,pituitary gland,GH3,gene target,,,,,,,,,,,,,,
TOX21_TR_LUC_GH3_Antagonist_viability,TOX21,NA,pituitary gland,GH3,viability,,,,,,,,,,,,,,
TOX21_TSHR_Agonist_ch2,TOX21,NA,kidney,HEK293T,none,,,,,,,,,,,,,,
TOX21_TSHR_Agonist_ratio,TOX21,TSHR,kidney,HEK293T,gene target,,,,,,,,,,,,,,
TOX21_TSHR_Antagonist_ch2,TOX21,NA,kidney,HEK293T,none,,,,,,,,,,,,,,
TOX21_TSHR_Antagonist_ratio,TOX21,TSHR,kidney,HEK293T,gene target,,,,,,,,,,,,,,
TOX21_TSHR_HTRF_Agonist_ch1,TOX21,NA,kidney,HEK293T,none,,,,,,,,,,,,,,
TOX21_TSHR_HTRF_Antagonist_ch1,TOX21,NA,kidney,HEK293T,none,,,,,,,,,,,,,,
TOX21_TSHR_wt_ch2,TOX21,NA,kidney,HEK293T,none,,,,,,,,,,,,,,
TOX21_TSHR_wt_HTRF_ch1,TOX21,NA,kidney,HEK293T,none,,,,,,,,,,,,,,
TOX21_TSHR_wt_ratio,TOX21,TSHR,kidney,HEK293T,gene target,,,,,,,,,,,,,,
TOX21_VDR_BLA_agonist_ch1,TOX21,NA,kidney,HEK293T,none,,,,,,,,,,,,,,
TOX21_VDR_BLA_agonist_ch2,TOX21,NA,kidney,HEK293T,none,,,,,,,,,,,,,,
TOX21_VDR_BLA_agonist_ratio,TOX21,CYP24A1|VDR,kidney,HEK293T,gene target,,,,,,,,,,,,,,
TOX21_VDR_BLA_Agonist_viability,TOX21,NA,kidney,HEK293T,viability,,,,,,,,,,,,,,
TOX21_VDR_BLA_Antagonist_ch1,TOX21,NA,kidney,HEK293T,none,,,,,,,,,,,,,,
TOX21_VDR_BLA_Antagonist_ch2,TOX21,NA,kidney,HEK293T,none,,,,,,,,,,,,,,
TOX21_VDR_BLA_antagonist_ratio,TOX21,CYP24A1|VDR,kidney,HEK293T,gene target,,,,,,,,,,,,,,
TOX21_VDR_BLA_antagonist_viability,TOX21,NA,kidney,HEK293T,viability,,,,,,,,,,,,,,
